Fund_Name,NAV,Date
SBI Small Cap Fund - Direct Plan - Growth,203.9157,25-06-2026
SBI Small Cap Fund - Direct Plan - Growth,205.0655,24-06-2026
SBI Small Cap Fund - Direct Plan - Growth,203.5443,23-06-2026
SBI Small Cap Fund - Direct Plan - Growth,204.1263,22-06-2026
SBI Small Cap Fund - Direct Plan - Growth,202.0761,19-06-2026
SBI Small Cap Fund - Direct Plan - Growth,200.9565,18-06-2026
SBI Small Cap Fund - Direct Plan - Growth,199.8302,17-06-2026
SBI Small Cap Fund - Direct Plan - Growth,198.6152,16-06-2026
SBI Small Cap Fund - Direct Plan - Growth,198.032,15-06-2026
SBI Small Cap Fund - Direct Plan - Growth,196.5577,12-06-2026
SBI Small Cap Fund - Direct Plan - Growth,192.6722,11-06-2026
SBI Small Cap Fund - Direct Plan - Growth,193.4371,10-06-2026
SBI Small Cap Fund - Direct Plan - Growth,194.3813,09-06-2026
SBI Small Cap Fund - Direct Plan - Growth,191.9092,08-06-2026
SBI Small Cap Fund - Direct Plan - Growth,194.7547,05-06-2026
SBI Small Cap Fund - Direct Plan - Growth,194.522,04-06-2026
SBI Small Cap Fund - Direct Plan - Growth,194.081,03-06-2026
SBI Small Cap Fund - Direct Plan - Growth,193.1295,02-06-2026
SBI Small Cap Fund - Direct Plan - Growth,192.3195,01-06-2026
SBI Small Cap Fund - Direct Plan - Growth,193.6836,31-05-2026
SBI Small Cap Fund - Direct Plan - Growth,193.6848,29-05-2026
SBI Small Cap Fund - Direct Plan - Growth,195.0501,27-05-2026
SBI Small Cap Fund - Direct Plan - Growth,194.2258,26-05-2026
SBI Small Cap Fund - Direct Plan - Growth,193.5599,25-05-2026
SBI Small Cap Fund - Direct Plan - Growth,192.1227,22-05-2026
SBI Small Cap Fund - Direct Plan - Growth,191.7575,21-05-2026
SBI Small Cap Fund - Direct Plan - Growth,189.8661,20-05-2026
SBI Small Cap Fund - Direct Plan - Growth,189.5553,19-05-2026
SBI Small Cap Fund - Direct Plan - Growth,187.9126,18-05-2026
SBI Small Cap Fund - Direct Plan - Growth,190.2405,15-05-2026
SBI Small Cap Fund - Direct Plan - Growth,189.9345,14-05-2026
SBI Small Cap Fund - Direct Plan - Growth,190.464,13-05-2026
SBI Small Cap Fund - Direct Plan - Growth,190.6152,12-05-2026
SBI Small Cap Fund - Direct Plan - Growth,195.586,11-05-2026
SBI Small Cap Fund - Direct Plan - Growth,196.8821,08-05-2026
SBI Small Cap Fund - Direct Plan - Growth,197.4753,07-05-2026
SBI Small Cap Fund - Direct Plan - Growth,196.0036,06-05-2026
SBI Small Cap Fund - Direct Plan - Growth,194.5618,05-05-2026
SBI Small Cap Fund - Direct Plan - Growth,195.4469,04-05-2026
SBI Small Cap Fund - Direct Plan - Growth,193.4131,30-04-2026
SBI Small Cap Fund - Direct Plan - Growth,194.1523,29-04-2026
SBI Small Cap Fund - Direct Plan - Growth,193.4843,28-04-2026
SBI Small Cap Fund - Direct Plan - Growth,193.8317,27-04-2026
SBI Small Cap Fund - Direct Plan - Growth,191.0425,24-04-2026
SBI Small Cap Fund - Direct Plan - Growth,193.0317,23-04-2026
SBI Small Cap Fund - Direct Plan - Growth,194.1928,22-04-2026
SBI Small Cap Fund - Direct Plan - Growth,192.6397,21-04-2026
SBI Small Cap Fund - Direct Plan - Growth,191.0583,20-04-2026
SBI Small Cap Fund - Direct Plan - Growth,190.5242,17-04-2026
SBI Small Cap Fund - Direct Plan - Growth,188.3316,16-04-2026
SBI Small Cap Fund - Direct Plan - Growth,187.2786,15-04-2026
SBI Small Cap Fund - Direct Plan - Growth,184.3491,13-04-2026
SBI Small Cap Fund - Direct Plan - Growth,184.6967,10-04-2026
SBI Small Cap Fund - Direct Plan - Growth,181.2455,09-04-2026
SBI Small Cap Fund - Direct Plan - Growth,180.5783,08-04-2026
SBI Small Cap Fund - Direct Plan - Growth,174.8342,07-04-2026
SBI Small Cap Fund - Direct Plan - Growth,174.9151,06-04-2026
SBI Small Cap Fund - Direct Plan - Growth,173.8471,02-04-2026
SBI Small Cap Fund - Direct Plan - Growth,173.782,01-04-2026
SBI Small Cap Fund - Direct Plan - Growth,169.3706,31-03-2026
SBI Small Cap Fund - Direct Plan - Growth,169.3708,30-03-2026
SBI Small Cap Fund - Direct Plan - Growth,172.4739,27-03-2026
SBI Small Cap Fund - Direct Plan - Growth,175.4211,25-03-2026
SBI Small Cap Fund - Direct Plan - Growth,172.0049,24-03-2026
SBI Small Cap Fund - Direct Plan - Growth,169.1091,23-03-2026
SBI Small Cap Fund - Direct Plan - Growth,174.6205,20-03-2026
SBI Small Cap Fund - Direct Plan - Growth,173.9004,19-03-2026
SBI Small Cap Fund - Direct Plan - Growth,177.4908,18-03-2026
SBI Small Cap Fund - Direct Plan - Growth,174.0628,17-03-2026
SBI Small Cap Fund - Direct Plan - Growth,173.8198,16-03-2026
SBI Small Cap Fund - Direct Plan - Growth,173.9754,13-03-2026
SBI Small Cap Fund - Direct Plan - Growth,177.9888,12-03-2026
SBI Small Cap Fund - Direct Plan - Growth,178.3891,11-03-2026
SBI Small Cap Fund - Direct Plan - Growth,178.8419,10-03-2026
SBI Small Cap Fund - Direct Plan - Growth,175.7742,09-03-2026
SBI Small Cap Fund - Direct Plan - Growth,178.9784,06-03-2026
SBI Small Cap Fund - Direct Plan - Growth,179.3239,05-03-2026
SBI Small Cap Fund - Direct Plan - Growth,177.9961,04-03-2026
SBI Small Cap Fund - Direct Plan - Growth,181.3175,02-03-2026
SBI Small Cap Fund - Direct Plan - Growth,184.7579,28-02-2026
SBI Small Cap Fund - Direct Plan - Growth,184.7581,27-02-2026
SBI Small Cap Fund - Direct Plan - Growth,186.095,26-02-2026
SBI Small Cap Fund - Direct Plan - Growth,186.0488,25-02-2026
SBI Small Cap Fund - Direct Plan - Growth,186.208,24-02-2026
SBI Small Cap Fund - Direct Plan - Growth,187.5721,23-02-2026
SBI Small Cap Fund - Direct Plan - Growth,186.2228,20-02-2026
SBI Small Cap Fund - Direct Plan - Growth,186.6666,19-02-2026
SBI Small Cap Fund - Direct Plan - Growth,188.2128,18-02-2026
SBI Small Cap Fund - Direct Plan - Growth,187.6437,17-02-2026
SBI Small Cap Fund - Direct Plan - Growth,185.8471,16-02-2026
SBI Small Cap Fund - Direct Plan - Growth,187.236,13-02-2026
SBI Small Cap Fund - Direct Plan - Growth,189.6029,12-02-2026
SBI Small Cap Fund - Direct Plan - Growth,189.7464,11-02-2026
SBI Small Cap Fund - Direct Plan - Growth,189.019,10-02-2026
SBI Small Cap Fund - Direct Plan - Growth,188.469,09-02-2026
SBI Small Cap Fund - Direct Plan - Growth,184.627,06-02-2026
SBI Small Cap Fund - Direct Plan - Growth,185.6949,05-02-2026
SBI Small Cap Fund - Direct Plan - Growth,186.7774,04-02-2026
SBI Small Cap Fund - Direct Plan - Growth,186.7009,03-02-2026
SBI Small Cap Fund - Direct Plan - Growth,180.5424,02-02-2026
SBI Small Cap Fund - Direct Plan - Growth,183.301,31-01-2026
SBI Small Cap Fund - Direct Plan - Growth,183.3021,30-01-2026
SBI Small Cap Fund - Direct Plan - Growth,179.9408,29-01-2026
SBI Small Cap Fund - Direct Plan - Growth,181.0873,28-01-2026
SBI Small Cap Fund - Direct Plan - Growth,179.5515,27-01-2026
SBI Small Cap Fund - Direct Plan - Growth,179.8035,23-01-2026
SBI Small Cap Fund - Direct Plan - Growth,182.7544,22-01-2026
SBI Small Cap Fund - Direct Plan - Growth,181.5325,21-01-2026
SBI Small Cap Fund - Direct Plan - Growth,181.835,20-01-2026
SBI Small Cap Fund - Direct Plan - Growth,185.4042,19-01-2026
SBI Small Cap Fund - Direct Plan - Growth,186.9719,16-01-2026
SBI Small Cap Fund - Direct Plan - Growth,187.3375,14-01-2026
SBI Small Cap Fund - Direct Plan - Growth,187.6594,13-01-2026
SBI Small Cap Fund - Direct Plan - Growth,186.1837,12-01-2026
SBI Small Cap Fund - Direct Plan - Growth,187.0971,09-01-2026
SBI Small Cap Fund - Direct Plan - Growth,190.16,08-01-2026
SBI Small Cap Fund - Direct Plan - Growth,193.3173,07-01-2026
SBI Small Cap Fund - Direct Plan - Growth,193.7027,06-01-2026
SBI Small Cap Fund - Direct Plan - Growth,194.3786,05-01-2026
SBI Small Cap Fund - Direct Plan - Growth,194.574,02-01-2026
SBI Small Cap Fund - Direct Plan - Growth,193.6417,01-01-2026
SBI Small Cap Fund - Direct Plan - Growth,193.7724,31-12-2025
SBI Small Cap Fund - Direct Plan - Growth,191.9501,30-12-2025
SBI Small Cap Fund - Direct Plan - Growth,192.541,29-12-2025
SBI Small Cap Fund - Direct Plan - Growth,192.5913,26-12-2025
SBI Small Cap Fund - Direct Plan - Growth,193.2848,24-12-2025
SBI Small Cap Fund - Direct Plan - Growth,193.2652,23-12-2025
SBI Small Cap Fund - Direct Plan - Growth,192.2573,22-12-2025
SBI Small Cap Fund - Direct Plan - Growth,191.1157,19-12-2025
SBI Small Cap Fund - Direct Plan - Growth,189.542,18-12-2025
SBI Small Cap Fund - Direct Plan - Growth,190.0621,17-12-2025
SBI Small Cap Fund - Direct Plan - Growth,191.3143,16-12-2025
SBI Small Cap Fund - Direct Plan - Growth,193.1325,15-12-2025
SBI Small Cap Fund - Direct Plan - Growth,192.3377,12-12-2025
SBI Small Cap Fund - Direct Plan - Growth,191.4952,11-12-2025
SBI Small Cap Fund - Direct Plan - Growth,191.2557,10-12-2025
SBI Small Cap Fund - Direct Plan - Growth,191.3573,09-12-2025
SBI Small Cap Fund - Direct Plan - Growth,190.1591,08-12-2025
SBI Small Cap Fund - Direct Plan - Growth,193.1451,05-12-2025
SBI Small Cap Fund - Direct Plan - Growth,193.4599,04-12-2025
SBI Small Cap Fund - Direct Plan - Growth,194.3355,03-12-2025
SBI Small Cap Fund - Direct Plan - Growth,194.4312,02-12-2025
SBI Small Cap Fund - Direct Plan - Growth,195.3626,01-12-2025
SBI Small Cap Fund - Direct Plan - Growth,194.979,30-11-2025
SBI Small Cap Fund - Direct Plan - Growth,194.9784,28-11-2025
SBI Small Cap Fund - Direct Plan - Growth,195.149,27-11-2025
SBI Small Cap Fund - Direct Plan - Growth,195.8555,26-11-2025
SBI Small Cap Fund - Direct Plan - Growth,194.2042,25-11-2025
SBI Small Cap Fund - Direct Plan - Growth,193.9092,24-11-2025
SBI Small Cap Fund - Direct Plan - Growth,194.2517,21-11-2025
SBI Small Cap Fund - Direct Plan - Growth,196.0732,20-11-2025
SBI Small Cap Fund - Direct Plan - Growth,196.528,19-11-2025
SBI Small Cap Fund - Direct Plan - Growth,196.9478,18-11-2025
SBI Small Cap Fund - Direct Plan - Growth,197.9212,17-11-2025
SBI Small Cap Fund - Direct Plan - Growth,197.0676,14-11-2025
SBI Small Cap Fund - Direct Plan - Growth,196.5465,13-11-2025
SBI Small Cap Fund - Direct Plan - Growth,196.884,12-11-2025
SBI Small Cap Fund - Direct Plan - Growth,196.4486,11-11-2025
SBI Small Cap Fund - Direct Plan - Growth,196.2451,10-11-2025
SBI Small Cap Fund - Direct Plan - Growth,197.315,07-11-2025
SBI Small Cap Fund - Direct Plan - Growth,197.8032,06-11-2025
SBI Small Cap Fund - Direct Plan - Growth,200.4678,04-11-2025
SBI Small Cap Fund - Direct Plan - Growth,200.9709,03-11-2025
SBI Small Cap Fund - Direct Plan - Growth,199.8234,31-10-2025
SBI Small Cap Fund - Direct Plan - Growth,200.5185,30-10-2025
SBI Small Cap Fund - Direct Plan - Growth,201.0375,29-10-2025
SBI Small Cap Fund - Direct Plan - Growth,200.6348,28-10-2025
SBI Small Cap Fund - Direct Plan - Growth,199.7965,27-10-2025
SBI Small Cap Fund - Direct Plan - Growth,198.4115,24-10-2025
SBI Small Cap Fund - Direct Plan - Growth,198.7521,23-10-2025
SBI Small Cap Fund - Direct Plan - Growth,197.5258,20-10-2025
SBI Small Cap Fund - Direct Plan - Growth,197.1075,17-10-2025
SBI Small Cap Fund - Direct Plan - Growth,196.9521,16-10-2025
SBI Small Cap Fund - Direct Plan - Growth,194.7,15-10-2025
SBI Small Cap Fund - Direct Plan - Growth,193.3975,14-10-2025
SBI Small Cap Fund - Direct Plan - Growth,194.5364,13-10-2025
SBI Small Cap Fund - Direct Plan - Growth,195.1185,10-10-2025
SBI Small Cap Fund - Direct Plan - Growth,195.0376,09-10-2025
SBI Small Cap Fund - Direct Plan - Growth,195.8587,08-10-2025
SBI Small Cap Fund - Direct Plan - Growth,196.4294,07-10-2025
SBI Small Cap Fund - Direct Plan - Growth,196.5483,06-10-2025
SBI Small Cap Fund - Direct Plan - Growth,196.2965,03-10-2025
SBI Small Cap Fund - Direct Plan - Growth,195.0856,01-10-2025
SBI Small Cap Fund - Direct Plan - Growth,193.8822,30-09-2025
SBI Small Cap Fund - Direct Plan - Growth,194.0973,26-09-2025
SBI Small Cap Fund - Direct Plan - Growth,197.3447,25-09-2025
SBI Small Cap Fund - Direct Plan - Growth,198.8861,24-09-2025
SBI Small Cap Fund - Direct Plan - Growth,199.4573,23-09-2025
SBI Small Cap Fund - Direct Plan - Growth,200.2539,22-09-2025
SBI Small Cap Fund - Direct Plan - Growth,201.306,19-09-2025
SBI Small Cap Fund - Direct Plan - Growth,201.5447,18-09-2025
SBI Small Cap Fund - Direct Plan - Growth,201.82,17-09-2025
SBI Small Cap Fund - Direct Plan - Growth,201.1795,16-09-2025
SBI Small Cap Fund - Direct Plan - Growth,200.0967,15-09-2025
SBI Small Cap Fund - Direct Plan - Growth,199.0716,12-09-2025
SBI Small Cap Fund - Direct Plan - Growth,198.9835,11-09-2025
SBI Small Cap Fund - Direct Plan - Growth,198.7075,10-09-2025
SBI Small Cap Fund - Direct Plan - Growth,198.2444,09-09-2025
SBI Small Cap Fund - Direct Plan - Growth,197.448,08-09-2025
SBI Small Cap Fund - Direct Plan - Growth,197.5939,05-09-2025
SBI Small Cap Fund - Direct Plan - Growth,197.6887,04-09-2025
SBI Small Cap Fund - Direct Plan - Growth,197.6325,03-09-2025
SBI Small Cap Fund - Direct Plan - Growth,196.2367,02-09-2025
SBI Small Cap Fund - Direct Plan - Growth,195.7343,01-09-2025
SBI Small Cap Fund - Direct Plan - Growth,193.7537,31-08-2025
SBI Small Cap Fund - Direct Plan - Growth,193.7532,29-08-2025
SBI Small Cap Fund - Direct Plan - Growth,194.4893,28-08-2025
SBI Small Cap Fund - Direct Plan - Growth,195.5946,26-08-2025
SBI Small Cap Fund - Direct Plan - Growth,198.7805,25-08-2025
SBI Small Cap Fund - Direct Plan - Growth,199.1156,22-08-2025
SBI Small Cap Fund - Direct Plan - Growth,200.0554,21-08-2025
SBI Small Cap Fund - Direct Plan - Growth,198.8477,20-08-2025
SBI Small Cap Fund - Direct Plan - Growth,198.0389,19-08-2025
SBI Small Cap Fund - Direct Plan - Growth,196.9203,18-08-2025
SBI Small Cap Fund - Direct Plan - Growth,193.4131,14-08-2025
SBI Small Cap Fund - Direct Plan - Growth,192.9222,13-08-2025
SBI Small Cap Fund - Direct Plan - Growth,192.705,12-08-2025
SBI Small Cap Fund - Direct Plan - Growth,193.1584,11-08-2025
SBI Small Cap Fund - Direct Plan - Growth,191.9575,08-08-2025
SBI Small Cap Fund - Direct Plan - Growth,193.0064,07-08-2025
SBI Small Cap Fund - Direct Plan - Growth,193.5756,06-08-2025
SBI Small Cap Fund - Direct Plan - Growth,194.9731,05-08-2025
SBI Small Cap Fund - Direct Plan - Growth,195.6536,04-08-2025
SBI Small Cap Fund - Direct Plan - Growth,194.9548,01-08-2025
SBI Small Cap Fund - Direct Plan - Growth,197.489,31-07-2025
SBI Small Cap Fund - Direct Plan - Growth,198.4508,30-07-2025
SBI Small Cap Fund - Direct Plan - Growth,197.8146,29-07-2025
SBI Small Cap Fund - Direct Plan - Growth,197.4629,28-07-2025
SBI Small Cap Fund - Direct Plan - Growth,199.4349,25-07-2025
SBI Small Cap Fund - Direct Plan - Growth,202.721,24-07-2025
SBI Small Cap Fund - Direct Plan - Growth,203.9043,23-07-2025
SBI Small Cap Fund - Direct Plan - Growth,203.3714,22-07-2025
SBI Small Cap Fund - Direct Plan - Growth,203.8028,21-07-2025
SBI Small Cap Fund - Direct Plan - Growth,204.0356,18-07-2025
SBI Small Cap Fund - Direct Plan - Growth,204.9043,17-07-2025
SBI Small Cap Fund - Direct Plan - Growth,203.6835,16-07-2025
SBI Small Cap Fund - Direct Plan - Growth,203.9268,15-07-2025
SBI Small Cap Fund - Direct Plan - Growth,202.0189,14-07-2025
SBI Small Cap Fund - Direct Plan - Growth,201.2606,11-07-2025
SBI Small Cap Fund - Direct Plan - Growth,201.5985,10-07-2025
SBI Small Cap Fund - Direct Plan - Growth,201.3287,09-07-2025
SBI Small Cap Fund - Direct Plan - Growth,200.4396,08-07-2025
SBI Small Cap Fund - Direct Plan - Growth,200.3235,07-07-2025
SBI Small Cap Fund - Direct Plan - Growth,200.6762,04-07-2025
SBI Small Cap Fund - Direct Plan - Growth,200.0186,03-07-2025
SBI Small Cap Fund - Direct Plan - Growth,199.3409,02-07-2025
SBI Small Cap Fund - Direct Plan - Growth,200.2672,01-07-2025
SBI Small Cap Fund - Direct Plan - Growth,200.3178,30-06-2025
SBI Small Cap Fund - Direct Plan - Growth,198.0688,27-06-2025
SBI Small Cap Fund - Direct Plan - Growth,197.2286,26-06-2025
SBI Small Cap Fund - Direct Plan - Growth,197.4405,25-06-2025
SBI Small Cap Fund - Direct Plan - Growth,194.4838,24-06-2025
SBI Small Cap Fund - Direct Plan - Growth,192.973,23-06-2025
SBI Small Cap Fund - Direct Plan - Growth,192.5872,20-06-2025
SBI Small Cap Fund - Direct Plan - Growth,192.1535,19-06-2025
SBI Small Cap Fund - Direct Plan - Growth,194.7498,18-06-2025
SBI Small Cap Fund - Direct Plan - Growth,194.4976,17-06-2025
SBI Small Cap Fund - Direct Plan - Growth,194.3117,16-06-2025
SBI Small Cap Fund - Direct Plan - Growth,193.8702,13-06-2025
SBI Small Cap Fund - Direct Plan - Growth,194.3159,12-06-2025
SBI Small Cap Fund - Direct Plan - Growth,196.3155,11-06-2025
SBI Small Cap Fund - Direct Plan - Growth,196.3203,10-06-2025
SBI Small Cap Fund - Direct Plan - Growth,196.2268,09-06-2025
SBI Small Cap Fund - Direct Plan - Growth,194.4367,06-06-2025
SBI Small Cap Fund - Direct Plan - Growth,193.4622,05-06-2025
SBI Small Cap Fund - Direct Plan - Growth,193.3241,04-06-2025
SBI Small Cap Fund - Direct Plan - Growth,193.3558,03-06-2025
SBI Small Cap Fund - Direct Plan - Growth,193.0141,02-06-2025
SBI Small Cap Fund - Direct Plan - Growth,192.6784,31-05-2025
SBI Small Cap Fund - Direct Plan - Growth,192.6772,30-05-2025
SBI Small Cap Fund - Direct Plan - Growth,192.4906,29-05-2025
SBI Small Cap Fund - Direct Plan - Growth,192.2322,28-05-2025
SBI Small Cap Fund - Direct Plan - Growth,191.6915,27-05-2025
SBI Small Cap Fund - Direct Plan - Growth,192.0116,26-05-2025
SBI Small Cap Fund - Direct Plan - Growth,190.7428,23-05-2025
SBI Small Cap Fund - Direct Plan - Growth,190.2297,22-05-2025
SBI Small Cap Fund - Direct Plan - Growth,190.2708,21-05-2025
SBI Small Cap Fund - Direct Plan - Growth,190.162,20-05-2025
SBI Small Cap Fund - Direct Plan - Growth,192.0015,19-05-2025
SBI Small Cap Fund - Direct Plan - Growth,190.5543,16-05-2025
SBI Small Cap Fund - Direct Plan - Growth,189.7716,15-05-2025
SBI Small Cap Fund - Direct Plan - Growth,188.3401,14-05-2025
SBI Small Cap Fund - Direct Plan - Growth,185.9199,13-05-2025
SBI Small Cap Fund - Direct Plan - Growth,185.5194,12-05-2025
SBI Small Cap Fund - Direct Plan - Growth,180.3079,09-05-2025
SBI Small Cap Fund - Direct Plan - Growth,181.2148,08-05-2025
SBI Small Cap Fund - Direct Plan - Growth,182.5147,07-05-2025
SBI Small Cap Fund - Direct Plan - Growth,180.8742,06-05-2025
SBI Small Cap Fund - Direct Plan - Growth,183.67,05-05-2025
SBI Small Cap Fund - Direct Plan - Growth,181.6763,02-05-2025
SBI Small Cap Fund - Direct Plan - Growth,181.8527,30-04-2025
SBI Small Cap Fund - Direct Plan - Growth,184.4749,29-04-2025
SBI Small Cap Fund - Direct Plan - Growth,184.7984,28-04-2025
SBI Small Cap Fund - Direct Plan - Growth,184.3892,25-04-2025
SBI Small Cap Fund - Direct Plan - Growth,187.4442,24-04-2025
SBI Small Cap Fund - Direct Plan - Growth,187.4918,23-04-2025
SBI Small Cap Fund - Direct Plan - Growth,187.4594,22-04-2025
SBI Small Cap Fund - Direct Plan - Growth,186.1086,21-04-2025
SBI Small Cap Fund - Direct Plan - Growth,183.494,17-04-2025
SBI Small Cap Fund - Direct Plan - Growth,182.6797,16-04-2025
SBI Small Cap Fund - Direct Plan - Growth,181.4688,15-04-2025
SBI Small Cap Fund - Direct Plan - Growth,177.359,11-04-2025
SBI Small Cap Fund - Direct Plan - Growth,173.4024,09-04-2025
SBI Small Cap Fund - Direct Plan - Growth,174.6198,08-04-2025
SBI Small Cap Fund - Direct Plan - Growth,171.893,07-04-2025
SBI Small Cap Fund - Direct Plan - Growth,176.8853,04-04-2025
SBI Small Cap Fund - Direct Plan - Growth,181.0205,03-04-2025
SBI Small Cap Fund - Direct Plan - Growth,180.504,02-04-2025
SBI Small Cap Fund - Direct Plan - Growth,178.3073,01-04-2025
SBI Small Cap Fund - Direct Plan - Growth,178.5628,31-03-2025
SBI Small Cap Fund - Direct Plan - Growth,178.5548,28-03-2025
SBI Small Cap Fund - Direct Plan - Growth,178.6535,27-03-2025
SBI Small Cap Fund - Direct Plan - Growth,178.8617,26-03-2025
SBI Small Cap Fund - Direct Plan - Growth,181.1499,25-03-2025
SBI Small Cap Fund - Direct Plan - Growth,181.6626,24-03-2025
SBI Small Cap Fund - Direct Plan - Growth,179.8765,21-03-2025
SBI Small Cap Fund - Direct Plan - Growth,177.2546,20-03-2025
SBI Small Cap Fund - Direct Plan - Growth,176.277,19-03-2025
SBI Small Cap Fund - Direct Plan - Growth,174.3065,18-03-2025
SBI Small Cap Fund - Direct Plan - Growth,170.8415,17-03-2025
SBI Small Cap Fund - Direct Plan - Growth,170.4454,13-03-2025
SBI Small Cap Fund - Direct Plan - Growth,170.9127,12-03-2025
SBI Small Cap Fund - Direct Plan - Growth,170.8118,11-03-2025
SBI Small Cap Fund - Direct Plan - Growth,171.8878,10-03-2025
SBI Small Cap Fund - Direct Plan - Growth,173.6464,07-03-2025
SBI Small Cap Fund - Direct Plan - Growth,173.0546,06-03-2025
SBI Small Cap Fund - Direct Plan - Growth,170.5378,05-03-2025
SBI Small Cap Fund - Direct Plan - Growth,167.4144,04-03-2025
SBI Small Cap Fund - Direct Plan - Growth,166.5363,03-03-2025
SBI Small Cap Fund - Direct Plan - Growth,167.2753,28-02-2025
SBI Small Cap Fund - Direct Plan - Growth,169.2761,27-02-2025
SBI Small Cap Fund - Direct Plan - Growth,170.5772,25-02-2025
SBI Small Cap Fund - Direct Plan - Growth,171.0281,24-02-2025
SBI Small Cap Fund - Direct Plan - Growth,173.194,21-02-2025
SBI Small Cap Fund - Direct Plan - Growth,173.7251,20-02-2025
SBI Small Cap Fund - Direct Plan - Growth,172.8542,19-02-2025
SBI Small Cap Fund - Direct Plan - Growth,170.6351,18-02-2025
SBI Small Cap Fund - Direct Plan - Growth,172.6017,17-02-2025
SBI Small Cap Fund - Direct Plan - Growth,173.7027,14-02-2025
SBI Small Cap Fund - Direct Plan - Growth,177.2214,13-02-2025
SBI Small Cap Fund - Direct Plan - Growth,178.0673,12-02-2025
SBI Small Cap Fund - Direct Plan - Growth,178.8097,11-02-2025
SBI Small Cap Fund - Direct Plan - Growth,183.4947,10-02-2025
SBI Small Cap Fund - Direct Plan - Growth,186.6001,07-02-2025
SBI Small Cap Fund - Direct Plan - Growth,188.2236,06-02-2025
SBI Small Cap Fund - Direct Plan - Growth,188.0012,05-02-2025
SBI Small Cap Fund - Direct Plan - Growth,187.7402,04-02-2025
SBI Small Cap Fund - Direct Plan - Growth,186.5887,03-02-2025
SBI Small Cap Fund - Direct Plan - Growth,185.8927,31-01-2025
SBI Small Cap Fund - Direct Plan - Growth,183.9481,30-01-2025
SBI Small Cap Fund - Direct Plan - Growth,184.474,29-01-2025
SBI Small Cap Fund - Direct Plan - Growth,179.9981,28-01-2025
SBI Small Cap Fund - Direct Plan - Growth,181.1505,27-01-2025
SBI Small Cap Fund - Direct Plan - Growth,184.8357,24-01-2025
SBI Small Cap Fund - Direct Plan - Growth,187.6026,23-01-2025
SBI Small Cap Fund - Direct Plan - Growth,186.9925,22-01-2025
SBI Small Cap Fund - Direct Plan - Growth,189.0302,21-01-2025
SBI Small Cap Fund - Direct Plan - Growth,191.8699,20-01-2025
SBI Small Cap Fund - Direct Plan - Growth,190.5474,17-01-2025
SBI Small Cap Fund - Direct Plan - Growth,191.5461,16-01-2025
SBI Small Cap Fund - Direct Plan - Growth,190.2908,15-01-2025
SBI Small Cap Fund - Direct Plan - Growth,189.4394,14-01-2025
SBI Small Cap Fund - Direct Plan - Growth,187.9708,13-01-2025
SBI Small Cap Fund - Direct Plan - Growth,194.0951,10-01-2025
SBI Small Cap Fund - Direct Plan - Growth,197.3978,09-01-2025
SBI Small Cap Fund - Direct Plan - Growth,199.1083,08-01-2025
SBI Small Cap Fund - Direct Plan - Growth,201.51,07-01-2025
SBI Small Cap Fund - Direct Plan - Growth,199.9325,06-01-2025
SBI Small Cap Fund - Direct Plan - Growth,204.7473,03-01-2025
SBI Small Cap Fund - Direct Plan - Growth,204.958,02-01-2025
SBI Small Cap Fund - Direct Plan - Growth,204.0133,01-01-2025
SBI Small Cap Fund - Direct Plan - Growth,202.025,31-12-2024
SBI Small Cap Fund - Direct Plan - Growth,200.9474,30-12-2024
SBI Small Cap Fund - Direct Plan - Growth,202.2744,27-12-2024
SBI Small Cap Fund - Direct Plan - Growth,201.1712,26-12-2024
SBI Small Cap Fund - Direct Plan - Growth,201.9117,24-12-2024
SBI Small Cap Fund - Direct Plan - Growth,201.8235,23-12-2024
SBI Small Cap Fund - Direct Plan - Growth,203.8639,20-12-2024
SBI Small Cap Fund - Direct Plan - Growth,208.1814,19-12-2024
SBI Small Cap Fund - Direct Plan - Growth,208.9039,18-12-2024
SBI Small Cap Fund - Direct Plan - Growth,209.149,17-12-2024
SBI Small Cap Fund - Direct Plan - Growth,209.9361,16-12-2024
SBI Small Cap Fund - Direct Plan - Growth,209.4705,13-12-2024
SBI Small Cap Fund - Direct Plan - Growth,209.1364,12-12-2024
SBI Small Cap Fund - Direct Plan - Growth,210.4887,11-12-2024
SBI Small Cap Fund - Direct Plan - Growth,210.1936,10-12-2024
SBI Small Cap Fund - Direct Plan - Growth,209.1188,09-12-2024
SBI Small Cap Fund - Direct Plan - Growth,207.7793,06-12-2024
SBI Small Cap Fund - Direct Plan - Growth,206.9634,05-12-2024
SBI Small Cap Fund - Direct Plan - Growth,206.8799,04-12-2024
SBI Small Cap Fund - Direct Plan - Growth,205.6142,03-12-2024
SBI Small Cap Fund - Direct Plan - Growth,203.0662,02-12-2024
SBI Small Cap Fund - Direct Plan - Growth,203.2306,30-11-2024
SBI Small Cap Fund - Direct Plan - Growth,203.2298,29-11-2024
SBI Small Cap Fund - Direct Plan - Growth,202.2046,28-11-2024
SBI Small Cap Fund - Direct Plan - Growth,202.2303,27-11-2024
SBI Small Cap Fund - Direct Plan - Growth,201.5981,26-11-2024
SBI Small Cap Fund - Direct Plan - Growth,201.2427,25-11-2024
SBI Small Cap Fund - Direct Plan - Growth,196.9679,22-11-2024
SBI Small Cap Fund - Direct Plan - Growth,196.0174,21-11-2024
SBI Small Cap Fund - Direct Plan - Growth,196.9149,19-11-2024
SBI Small Cap Fund - Direct Plan - Growth,194.9632,18-11-2024
SBI Small Cap Fund - Direct Plan - Growth,195.8825,14-11-2024
SBI Small Cap Fund - Direct Plan - Growth,194.6035,13-11-2024
SBI Small Cap Fund - Direct Plan - Growth,198.665,12-11-2024
SBI Small Cap Fund - Direct Plan - Growth,201.1783,11-11-2024
SBI Small Cap Fund - Direct Plan - Growth,202.8558,08-11-2024
SBI Small Cap Fund - Direct Plan - Growth,204.9185,07-11-2024
SBI Small Cap Fund - Direct Plan - Growth,205.5932,06-11-2024
SBI Small Cap Fund - Direct Plan - Growth,203.8845,05-11-2024
SBI Small Cap Fund - Direct Plan - Growth,204.1821,04-11-2024
SBI Small Cap Fund - Direct Plan - Growth,204.7065,31-10-2024
SBI Small Cap Fund - Direct Plan - Growth,201.17,30-10-2024
SBI Small Cap Fund - Direct Plan - Growth,199.6621,29-10-2024
SBI Small Cap Fund - Direct Plan - Growth,198.762,28-10-2024
SBI Small Cap Fund - Direct Plan - Growth,199.0257,25-10-2024
SBI Small Cap Fund - Direct Plan - Growth,202.3794,24-10-2024
SBI Small Cap Fund - Direct Plan - Growth,204.1604,23-10-2024
SBI Small Cap Fund - Direct Plan - Growth,204.119,22-10-2024
SBI Small Cap Fund - Direct Plan - Growth,209.1812,21-10-2024
SBI Small Cap Fund - Direct Plan - Growth,212.4258,18-10-2024
SBI Small Cap Fund - Direct Plan - Growth,212.5836,17-10-2024
SBI Small Cap Fund - Direct Plan - Growth,214.6138,16-10-2024
SBI Small Cap Fund - Direct Plan - Growth,214.6767,15-10-2024
SBI Small Cap Fund - Direct Plan - Growth,212.7061,14-10-2024
SBI Small Cap Fund - Direct Plan - Growth,211.8682,11-10-2024
SBI Small Cap Fund - Direct Plan - Growth,211.2075,10-10-2024
SBI Small Cap Fund - Direct Plan - Growth,211.4618,09-10-2024
SBI Small Cap Fund - Direct Plan - Growth,209.7125,08-10-2024
SBI Small Cap Fund - Direct Plan - Growth,205.9307,07-10-2024
SBI Small Cap Fund - Direct Plan - Growth,210.645,04-10-2024
SBI Small Cap Fund - Direct Plan - Growth,211.1073,03-10-2024
SBI Small Cap Fund - Direct Plan - Growth,214.2759,01-10-2024
SBI Small Cap Fund - Direct Plan - Growth,213.8541,30-09-2024
SBI Small Cap Fund - Direct Plan - Growth,213.8245,27-09-2024
SBI Small Cap Fund - Direct Plan - Growth,212.393,26-09-2024
SBI Small Cap Fund - Direct Plan - Growth,213.2071,25-09-2024
SBI Small Cap Fund - Direct Plan - Growth,212.9454,24-09-2024
SBI Small Cap Fund - Direct Plan - Growth,213.6607,23-09-2024
SBI Small Cap Fund - Direct Plan - Growth,212.0753,20-09-2024
SBI Small Cap Fund - Direct Plan - Growth,211.2903,19-09-2024
SBI Small Cap Fund - Direct Plan - Growth,212.1974,18-09-2024
SBI Small Cap Fund - Direct Plan - Growth,212.8713,17-09-2024
SBI Small Cap Fund - Direct Plan - Growth,213.118,16-09-2024
SBI Small Cap Fund - Direct Plan - Growth,212.6824,13-09-2024
SBI Small Cap Fund - Direct Plan - Growth,211.2842,12-09-2024
SBI Small Cap Fund - Direct Plan - Growth,210.1111,11-09-2024
SBI Small Cap Fund - Direct Plan - Growth,211.8353,10-09-2024
SBI Small Cap Fund - Direct Plan - Growth,208.709,09-09-2024
SBI Small Cap Fund - Direct Plan - Growth,209.5018,06-09-2024
SBI Small Cap Fund - Direct Plan - Growth,210.0836,05-09-2024
SBI Small Cap Fund - Direct Plan - Growth,208.9043,04-09-2024
SBI Small Cap Fund - Direct Plan - Growth,209.171,03-09-2024
SBI Small Cap Fund - Direct Plan - Growth,208.3113,02-09-2024
SBI Small Cap Fund - Direct Plan - Growth,208.4167,31-08-2024
SBI Small Cap Fund - Direct Plan - Growth,208.4168,30-08-2024
SBI Small Cap Fund - Direct Plan - Growth,207.0499,29-08-2024
SBI Small Cap Fund - Direct Plan - Growth,207.8987,28-08-2024
SBI Small Cap Fund - Direct Plan - Growth,207.4904,27-08-2024
SBI Small Cap Fund - Direct Plan - Growth,206.7864,26-08-2024
SBI Small Cap Fund - Direct Plan - Growth,206.3889,23-08-2024
SBI Small Cap Fund - Direct Plan - Growth,206.1419,22-08-2024
SBI Small Cap Fund - Direct Plan - Growth,205.6904,21-08-2024
SBI Small Cap Fund - Direct Plan - Growth,204.2778,20-08-2024
SBI Small Cap Fund - Direct Plan - Growth,204.1016,19-08-2024
SBI Small Cap Fund - Direct Plan - Growth,202.8471,16-08-2024
SBI Small Cap Fund - Direct Plan - Growth,200.5532,14-08-2024
SBI Small Cap Fund - Direct Plan - Growth,201.6101,13-08-2024
SBI Small Cap Fund - Direct Plan - Growth,202.1742,12-08-2024
SBI Small Cap Fund - Direct Plan - Growth,201.5699,09-08-2024
SBI Small Cap Fund - Direct Plan - Growth,201.0925,08-08-2024
SBI Small Cap Fund - Direct Plan - Growth,202.0034,07-08-2024
SBI Small Cap Fund - Direct Plan - Growth,199.0114,06-08-2024
SBI Small Cap Fund - Direct Plan - Growth,199.5619,05-08-2024
SBI Small Cap Fund - Direct Plan - Growth,206.2035,02-08-2024
SBI Small Cap Fund - Direct Plan - Growth,207.8403,01-08-2024
SBI Small Cap Fund - Direct Plan - Growth,208.4358,31-07-2024
SBI Small Cap Fund - Direct Plan - Growth,208.6912,30-07-2024
SBI Small Cap Fund - Direct Plan - Growth,208.2548,29-07-2024
SBI Small Cap Fund - Direct Plan - Growth,205.4205,26-07-2024
SBI Small Cap Fund - Direct Plan - Growth,203.7419,25-07-2024
SBI Small Cap Fund - Direct Plan - Growth,204.4677,24-07-2024
SBI Small Cap Fund - Direct Plan - Growth,201.7018,23-07-2024
SBI Small Cap Fund - Direct Plan - Growth,202.0355,22-07-2024
SBI Small Cap Fund - Direct Plan - Growth,200.7347,19-07-2024
SBI Small Cap Fund - Direct Plan - Growth,203.6047,18-07-2024
SBI Small Cap Fund - Direct Plan - Growth,204.6439,16-07-2024
SBI Small Cap Fund - Direct Plan - Growth,204.2651,15-07-2024
SBI Small Cap Fund - Direct Plan - Growth,204.3766,12-07-2024
SBI Small Cap Fund - Direct Plan - Growth,205.3326,11-07-2024
SBI Small Cap Fund - Direct Plan - Growth,204.005,10-07-2024
SBI Small Cap Fund - Direct Plan - Growth,204.7434,09-07-2024
SBI Small Cap Fund - Direct Plan - Growth,203.9505,08-07-2024
SBI Small Cap Fund - Direct Plan - Growth,204.8921,05-07-2024
SBI Small Cap Fund - Direct Plan - Growth,203.5723,04-07-2024
SBI Small Cap Fund - Direct Plan - Growth,202.9049,03-07-2024
SBI Small Cap Fund - Direct Plan - Growth,200.5912,02-07-2024
SBI Small Cap Fund - Direct Plan - Growth,200.4556,01-07-2024
SBI Small Cap Fund - Direct Plan - Growth,197.8755,30-06-2024
SBI Small Cap Fund - Direct Plan - Growth,197.8746,28-06-2024
SBI Small Cap Fund - Direct Plan - Growth,197.541,27-06-2024
SBI Small Cap Fund - Direct Plan - Growth,198.6826,26-06-2024
SBI Small Cap Fund - Direct Plan - Growth,199.2888,25-06-2024
SBI Small Cap Fund - Direct Plan - Growth,198.9645,24-06-2024
SBI Small Cap Fund - Direct Plan - Growth,198.8453,21-06-2024
SBI Small Cap Fund - Direct Plan - Growth,198.7321,20-06-2024
SBI Small Cap Fund - Direct Plan - Growth,197.8645,19-06-2024
SBI Small Cap Fund - Direct Plan - Growth,198.2516,18-06-2024
SBI Small Cap Fund - Direct Plan - Growth,198.1281,14-06-2024
SBI Small Cap Fund - Direct Plan - Growth,196.4383,13-06-2024
SBI Small Cap Fund - Direct Plan - Growth,195.4415,12-06-2024
SBI Small Cap Fund - Direct Plan - Growth,193.7358,11-06-2024
SBI Small Cap Fund - Direct Plan - Growth,192.3518,10-06-2024
SBI Small Cap Fund - Direct Plan - Growth,189.5698,07-06-2024
SBI Small Cap Fund - Direct Plan - Growth,186.5083,06-06-2024
SBI Small Cap Fund - Direct Plan - Growth,183.0496,05-06-2024
SBI Small Cap Fund - Direct Plan - Growth,178.3591,04-06-2024
SBI Small Cap Fund - Direct Plan - Growth,186.9155,03-06-2024
SBI Small Cap Fund - Direct Plan - Growth,183.555,31-05-2024
SBI Small Cap Fund - Direct Plan - Growth,181.9907,30-05-2024
SBI Small Cap Fund - Direct Plan - Growth,183.9199,29-05-2024
SBI Small Cap Fund - Direct Plan - Growth,183.2963,28-05-2024
SBI Small Cap Fund - Direct Plan - Growth,183.9672,27-05-2024
SBI Small Cap Fund - Direct Plan - Growth,184.2296,24-05-2024
SBI Small Cap Fund - Direct Plan - Growth,184.8647,23-05-2024
SBI Small Cap Fund - Direct Plan - Growth,185.1718,22-05-2024
SBI Small Cap Fund - Direct Plan - Growth,184.7749,21-05-2024
SBI Small Cap Fund - Direct Plan - Growth,183.6697,17-05-2024
SBI Small Cap Fund - Direct Plan - Growth,181.9138,16-05-2024
SBI Small Cap Fund - Direct Plan - Growth,179.5407,15-05-2024
SBI Small Cap Fund - Direct Plan - Growth,177.7655,14-05-2024
SBI Small Cap Fund - Direct Plan - Growth,175.8048,13-05-2024
SBI Small Cap Fund - Direct Plan - Growth,175.7796,10-05-2024
SBI Small Cap Fund - Direct Plan - Growth,174.9782,09-05-2024
SBI Small Cap Fund - Direct Plan - Growth,179.0846,08-05-2024
SBI Small Cap Fund - Direct Plan - Growth,178.2565,07-05-2024
SBI Small Cap Fund - Direct Plan - Growth,179.8196,06-05-2024
SBI Small Cap Fund - Direct Plan - Growth,180.5829,03-05-2024
SBI Small Cap Fund - Direct Plan - Growth,181.828,02-05-2024
SBI Small Cap Fund - Direct Plan - Growth,181.4347,30-04-2024
SBI Small Cap Fund - Direct Plan - Growth,181.053,29-04-2024
SBI Small Cap Fund - Direct Plan - Growth,180.425,26-04-2024
SBI Small Cap Fund - Direct Plan - Growth,180.4345,25-04-2024
SBI Small Cap Fund - Direct Plan - Growth,179.5328,24-04-2024
SBI Small Cap Fund - Direct Plan - Growth,178.2084,23-04-2024
SBI Small Cap Fund - Direct Plan - Growth,177.2586,22-04-2024
SBI Small Cap Fund - Direct Plan - Growth,175.6445,19-04-2024
SBI Small Cap Fund - Direct Plan - Growth,174.7465,18-04-2024
SBI Small Cap Fund - Direct Plan - Growth,174.6419,16-04-2024
SBI Small Cap Fund - Direct Plan - Growth,174.1554,15-04-2024
SBI Small Cap Fund - Direct Plan - Growth,175.8047,12-04-2024
SBI Small Cap Fund - Direct Plan - Growth,176.9202,10-04-2024
SBI Small Cap Fund - Direct Plan - Growth,175.3061,09-04-2024
SBI Small Cap Fund - Direct Plan - Growth,175.5646,08-04-2024
SBI Small Cap Fund - Direct Plan - Growth,175.3538,05-04-2024
SBI Small Cap Fund - Direct Plan - Growth,174.6364,04-04-2024
SBI Small Cap Fund - Direct Plan - Growth,173.6926,03-04-2024
SBI Small Cap Fund - Direct Plan - Growth,172.3272,02-04-2024
SBI Small Cap Fund - Direct Plan - Growth,171.3184,01-04-2024
SBI Small Cap Fund - Direct Plan - Growth,167.8136,31-03-2024
SBI Small Cap Fund - Direct Plan - Growth,167.8139,28-03-2024
SBI Small Cap Fund - Direct Plan - Growth,167.1819,27-03-2024
SBI Small Cap Fund - Direct Plan - Growth,166.3844,26-03-2024
SBI Small Cap Fund - Direct Plan - Growth,166.5897,22-03-2024
SBI Small Cap Fund - Direct Plan - Growth,165.0148,21-03-2024
SBI Small Cap Fund - Direct Plan - Growth,162.0769,20-03-2024
SBI Small Cap Fund - Direct Plan - Growth,162.3885,19-03-2024
SBI Small Cap Fund - Direct Plan - Growth,163.1055,18-03-2024
SBI Small Cap Fund - Direct Plan - Growth,162.6157,15-03-2024
SBI Small Cap Fund - Direct Plan - Growth,162.5619,14-03-2024
SBI Small Cap Fund - Direct Plan - Growth,160.5835,13-03-2024
SBI Small Cap Fund - Direct Plan - Growth,166.2062,12-03-2024
SBI Small Cap Fund - Direct Plan - Growth,168.4794,11-03-2024
SBI Small Cap Fund - Direct Plan - Growth,169.9846,07-03-2024
SBI Small Cap Fund - Direct Plan - Growth,168.7803,06-03-2024
SBI Small Cap Fund - Direct Plan - Growth,171.4449,05-03-2024
SBI Small Cap Fund - Direct Plan - Growth,172.0116,04-03-2024
SBI Small Cap Fund - Direct Plan - Growth,171.3862,01-03-2024
SBI Small Cap Fund - Direct Plan - Growth,169.9634,29-02-2024
SBI Small Cap Fund - Direct Plan - Growth,169.6781,28-02-2024
SBI Small Cap Fund - Direct Plan - Growth,171.1506,27-02-2024
SBI Small Cap Fund - Direct Plan - Growth,170.7723,26-02-2024
SBI Small Cap Fund - Direct Plan - Growth,170.7513,23-02-2024
SBI Small Cap Fund - Direct Plan - Growth,169.453,22-02-2024
SBI Small Cap Fund - Direct Plan - Growth,169.2609,21-02-2024
SBI Small Cap Fund - Direct Plan - Growth,169.7975,20-02-2024
SBI Small Cap Fund - Direct Plan - Growth,169.6421,19-02-2024
SBI Small Cap Fund - Direct Plan - Growth,169.6879,16-02-2024
SBI Small Cap Fund - Direct Plan - Growth,168.783,15-02-2024
SBI Small Cap Fund - Direct Plan - Growth,168.0551,14-02-2024
SBI Small Cap Fund - Direct Plan - Growth,166.3553,13-02-2024
SBI Small Cap Fund - Direct Plan - Growth,165.3607,12-02-2024
SBI Small Cap Fund - Direct Plan - Growth,168.0813,09-02-2024
SBI Small Cap Fund - Direct Plan - Growth,168.6894,08-02-2024
SBI Small Cap Fund - Direct Plan - Growth,168.7067,07-02-2024
SBI Small Cap Fund - Direct Plan - Growth,168.0277,06-02-2024
SBI Small Cap Fund - Direct Plan - Growth,165.8049,05-02-2024
SBI Small Cap Fund - Direct Plan - Growth,166.8172,02-02-2024
SBI Small Cap Fund - Direct Plan - Growth,166.5191,01-02-2024
SBI Small Cap Fund - Direct Plan - Growth,167.0853,31-01-2024
SBI Small Cap Fund - Direct Plan - Growth,163.8854,30-01-2024
SBI Small Cap Fund - Direct Plan - Growth,164.243,29-01-2024
SBI Small Cap Fund - Direct Plan - Growth,163.0642,25-01-2024
SBI Small Cap Fund - Direct Plan - Growth,162.9044,24-01-2024
SBI Small Cap Fund - Direct Plan - Growth,161.1305,23-01-2024
SBI Small Cap Fund - Direct Plan - Growth,162.8323,19-01-2024
SBI Small Cap Fund - Direct Plan - Growth,162.2609,18-01-2024
SBI Small Cap Fund - Direct Plan - Growth,162.9031,17-01-2024
SBI Small Cap Fund - Direct Plan - Growth,164.4321,16-01-2024
SBI Small Cap Fund - Direct Plan - Growth,165.0183,15-01-2024
SBI Small Cap Fund - Direct Plan - Growth,164.2106,12-01-2024
SBI Small Cap Fund - Direct Plan - Growth,163.7165,11-01-2024
SBI Small Cap Fund - Direct Plan - Growth,162.7562,10-01-2024
SBI Small Cap Fund - Direct Plan - Growth,162.8311,09-01-2024
SBI Small Cap Fund - Direct Plan - Growth,162.5916,08-01-2024
SBI Small Cap Fund - Direct Plan - Growth,163.7499,05-01-2024
SBI Small Cap Fund - Direct Plan - Growth,162.7609,04-01-2024
SBI Small Cap Fund - Direct Plan - Growth,162.106,03-01-2024
SBI Small Cap Fund - Direct Plan - Growth,162.0646,02-01-2024
SBI Small Cap Fund - Direct Plan - Growth,161.4272,01-01-2024
SBI Small Cap Fund - Direct Plan - Growth,161.2357,29-12-2023
SBI Small Cap Fund - Direct Plan - Growth,159.9625,28-12-2023
SBI Small Cap Fund - Direct Plan - Growth,159.8029,27-12-2023
SBI Small Cap Fund - Direct Plan - Growth,159.3241,26-12-2023
SBI Small Cap Fund - Direct Plan - Growth,159.2023,22-12-2023
SBI Small Cap Fund - Direct Plan - Growth,158.6327,21-12-2023
SBI Small Cap Fund - Direct Plan - Growth,157.127,20-12-2023
SBI Small Cap Fund - Direct Plan - Growth,161.0618,19-12-2023
SBI Small Cap Fund - Direct Plan - Growth,161.4356,18-12-2023
SBI Small Cap Fund - Direct Plan - Growth,161.5428,15-12-2023
SBI Small Cap Fund - Direct Plan - Growth,161.0609,14-12-2023
SBI Small Cap Fund - Direct Plan - Growth,159.9402,13-12-2023
SBI Small Cap Fund - Direct Plan - Growth,159.4436,12-12-2023
SBI Small Cap Fund - Direct Plan - Growth,159.7954,11-12-2023
SBI Small Cap Fund - Direct Plan - Growth,159.5553,08-12-2023
SBI Small Cap Fund - Direct Plan - Growth,159.9568,07-12-2023
SBI Small Cap Fund - Direct Plan - Growth,159.4849,06-12-2023
SBI Small Cap Fund - Direct Plan - Growth,159.5041,05-12-2023
SBI Small Cap Fund - Direct Plan - Growth,158.8101,04-12-2023
SBI Small Cap Fund - Direct Plan - Growth,157.4176,01-12-2023
SBI Small Cap Fund - Direct Plan - Growth,157.4314,30-11-2023
SBI Small Cap Fund - Direct Plan - Growth,155.7105,29-11-2023
SBI Small Cap Fund - Direct Plan - Growth,155.6451,28-11-2023
SBI Small Cap Fund - Direct Plan - Growth,154.683,24-11-2023
SBI Small Cap Fund - Direct Plan - Growth,154.3926,23-11-2023
SBI Small Cap Fund - Direct Plan - Growth,154.4341,22-11-2023
SBI Small Cap Fund - Direct Plan - Growth,154.9701,21-11-2023
SBI Small Cap Fund - Direct Plan - Growth,153.9873,20-11-2023
SBI Small Cap Fund - Direct Plan - Growth,153.408,17-11-2023
SBI Small Cap Fund - Direct Plan - Growth,152.8377,16-11-2023
SBI Small Cap Fund - Direct Plan - Growth,152.7398,15-11-2023
SBI Small Cap Fund - Direct Plan - Growth,151.314,13-11-2023
SBI Small Cap Fund - Direct Plan - Growth,150.5781,10-11-2023
SBI Small Cap Fund - Direct Plan - Growth,150.3998,09-11-2023
SBI Small Cap Fund - Direct Plan - Growth,150.5331,08-11-2023
SBI Small Cap Fund - Direct Plan - Growth,150.0494,07-11-2023
SBI Small Cap Fund - Direct Plan - Growth,149.592,06-11-2023
SBI Small Cap Fund - Direct Plan - Growth,148.7205,03-11-2023
SBI Small Cap Fund - Direct Plan - Growth,147.8192,02-11-2023
SBI Small Cap Fund - Direct Plan - Growth,147.1546,01-11-2023
SBI Small Cap Fund - Direct Plan - Growth,147.5626,31-10-2023
SBI Small Cap Fund - Direct Plan - Growth,147.1974,30-10-2023
SBI Small Cap Fund - Direct Plan - Growth,147.2793,27-10-2023
SBI Small Cap Fund - Direct Plan - Growth,145.453,26-10-2023
SBI Small Cap Fund - Direct Plan - Growth,146.7862,25-10-2023
SBI Small Cap Fund - Direct Plan - Growth,148.0186,23-10-2023
SBI Small Cap Fund - Direct Plan - Growth,152.8916,20-10-2023
SBI Small Cap Fund - Direct Plan - Growth,153.637,19-10-2023
SBI Small Cap Fund - Direct Plan - Growth,153.6252,18-10-2023
SBI Small Cap Fund - Direct Plan - Growth,153.4866,17-10-2023
SBI Small Cap Fund - Direct Plan - Growth,152.9747,16-10-2023
SBI Small Cap Fund - Direct Plan - Growth,151.9922,13-10-2023
SBI Small Cap Fund - Direct Plan - Growth,152.0191,12-10-2023
SBI Small Cap Fund - Direct Plan - Growth,151.7229,11-10-2023
SBI Small Cap Fund - Direct Plan - Growth,150.8563,10-10-2023
SBI Small Cap Fund - Direct Plan - Growth,149.6845,09-10-2023
SBI Small Cap Fund - Direct Plan - Growth,151.72,06-10-2023
SBI Small Cap Fund - Direct Plan - Growth,151.0584,05-10-2023
SBI Small Cap Fund - Direct Plan - Growth,150.848,04-10-2023
SBI Small Cap Fund - Direct Plan - Growth,151.7295,03-10-2023
SBI Small Cap Fund - Direct Plan - Growth,151.2497,29-09-2023
SBI Small Cap Fund - Direct Plan - Growth,151.7553,27-09-2023
SBI Small Cap Fund - Direct Plan - Growth,151.1526,26-09-2023
SBI Small Cap Fund - Direct Plan - Growth,151.1966,25-09-2023
SBI Small Cap Fund - Direct Plan - Growth,151.2597,22-09-2023
SBI Small Cap Fund - Direct Plan - Growth,150.8272,21-09-2023
SBI Small Cap Fund - Direct Plan - Growth,152.9313,20-09-2023
SBI Small Cap Fund - Direct Plan - Growth,152.7061,18-09-2023
SBI Small Cap Fund - Direct Plan - Growth,153.193,15-09-2023
SBI Small Cap Fund - Direct Plan - Growth,153.1389,14-09-2023
SBI Small Cap Fund - Direct Plan - Growth,151.9055,13-09-2023
SBI Small Cap Fund - Direct Plan - Growth,151.6583,12-09-2023
SBI Small Cap Fund - Direct Plan - Growth,154.9908,11-09-2023
SBI Small Cap Fund - Direct Plan - Growth,153.8431,08-09-2023
SBI Small Cap Fund - Direct Plan - Growth,153.151,07-09-2023
SBI Small Cap Fund - Direct Plan - Growth,151.6147,06-09-2023
SBI Small Cap Fund - Direct Plan - Growth,151.7655,05-09-2023
SBI Small Cap Fund - Direct Plan - Growth,151.5748,04-09-2023
SBI Small Cap Fund - Direct Plan - Growth,150.4126,01-09-2023
SBI Small Cap Fund - Direct Plan - Growth,150.2306,31-08-2023
SBI Small Cap Fund - Direct Plan - Growth,149.2884,30-08-2023
SBI Small Cap Fund - Direct Plan - Growth,148.5692,29-08-2023
SBI Small Cap Fund - Direct Plan - Growth,148.1074,28-08-2023
SBI Small Cap Fund - Direct Plan - Growth,147.0885,25-08-2023
SBI Small Cap Fund - Direct Plan - Growth,147.6233,24-08-2023
SBI Small Cap Fund - Direct Plan - Growth,147.6666,23-08-2023
SBI Small Cap Fund - Direct Plan - Growth,147.4207,22-08-2023
SBI Small Cap Fund - Direct Plan - Growth,145.9692,21-08-2023
SBI Small Cap Fund - Direct Plan - Growth,145.4976,18-08-2023
SBI Small Cap Fund - Direct Plan - Growth,145.501,17-08-2023
SBI Small Cap Fund - Direct Plan - Growth,145.847,16-08-2023
SBI Small Cap Fund - Direct Plan - Growth,145.3391,14-08-2023
SBI Small Cap Fund - Direct Plan - Growth,145.5881,11-08-2023
SBI Small Cap Fund - Direct Plan - Growth,145.4723,10-08-2023
SBI Small Cap Fund - Direct Plan - Growth,146.3293,09-08-2023
SBI Small Cap Fund - Direct Plan - Growth,145.5002,08-08-2023
SBI Small Cap Fund - Direct Plan - Growth,145.7272,07-08-2023
SBI Small Cap Fund - Direct Plan - Growth,145.7129,04-08-2023
SBI Small Cap Fund - Direct Plan - Growth,145.0795,03-08-2023
SBI Small Cap Fund - Direct Plan - Growth,145.4234,02-08-2023
SBI Small Cap Fund - Direct Plan - Growth,146.7457,01-08-2023
SBI Small Cap Fund - Direct Plan - Growth,146.1582,31-07-2023
SBI Small Cap Fund - Direct Plan - Growth,144.5824,28-07-2023
SBI Small Cap Fund - Direct Plan - Growth,143.8359,27-07-2023
SBI Small Cap Fund - Direct Plan - Growth,143.6188,26-07-2023
SBI Small Cap Fund - Direct Plan - Growth,143.1863,25-07-2023
SBI Small Cap Fund - Direct Plan - Growth,143.1832,24-07-2023
SBI Small Cap Fund - Direct Plan - Growth,142.8064,21-07-2023
SBI Small Cap Fund - Direct Plan - Growth,143.0615,20-07-2023
SBI Small Cap Fund - Direct Plan - Growth,142.4317,19-07-2023
SBI Small Cap Fund - Direct Plan - Growth,141.8948,18-07-2023
SBI Small Cap Fund - Direct Plan - Growth,142.205,17-07-2023
SBI Small Cap Fund - Direct Plan - Growth,141.0983,14-07-2023
SBI Small Cap Fund - Direct Plan - Growth,140.3448,13-07-2023
SBI Small Cap Fund - Direct Plan - Growth,140.8036,12-07-2023
SBI Small Cap Fund - Direct Plan - Growth,139.9054,11-07-2023
SBI Small Cap Fund - Direct Plan - Growth,139.4743,10-07-2023
SBI Small Cap Fund - Direct Plan - Growth,139.5112,07-07-2023
SBI Small Cap Fund - Direct Plan - Growth,139.6278,06-07-2023
SBI Small Cap Fund - Direct Plan - Growth,138.9579,05-07-2023
SBI Small Cap Fund - Direct Plan - Growth,138.2876,04-07-2023
SBI Small Cap Fund - Direct Plan - Growth,138.6742,03-07-2023
SBI Small Cap Fund - Direct Plan - Growth,138.0883,30-06-2023
SBI Small Cap Fund - Direct Plan - Growth,137.561,28-06-2023
SBI Small Cap Fund - Direct Plan - Growth,137.5173,27-06-2023
SBI Small Cap Fund - Direct Plan - Growth,137.1738,26-06-2023
SBI Small Cap Fund - Direct Plan - Growth,136.3524,23-06-2023
SBI Small Cap Fund - Direct Plan - Growth,137.2514,22-06-2023
SBI Small Cap Fund - Direct Plan - Growth,137.8518,21-06-2023
SBI Small Cap Fund - Direct Plan - Growth,137.3878,20-06-2023
SBI Small Cap Fund - Direct Plan - Growth,137.0258,19-06-2023
SBI Small Cap Fund - Direct Plan - Growth,137.2618,16-06-2023
SBI Small Cap Fund - Direct Plan - Growth,136.6775,15-06-2023
SBI Small Cap Fund - Direct Plan - Growth,136.5423,14-06-2023
SBI Small Cap Fund - Direct Plan - Growth,135.9844,13-06-2023
SBI Small Cap Fund - Direct Plan - Growth,134.7018,12-06-2023
SBI Small Cap Fund - Direct Plan - Growth,134.1118,09-06-2023
SBI Small Cap Fund - Direct Plan - Growth,134.5646,08-06-2023
SBI Small Cap Fund - Direct Plan - Growth,134.9855,07-06-2023
SBI Small Cap Fund - Direct Plan - Growth,133.5734,06-06-2023
SBI Small Cap Fund - Direct Plan - Growth,133.1177,05-06-2023
SBI Small Cap Fund - Direct Plan - Growth,132.614,02-06-2023
SBI Small Cap Fund - Direct Plan - Growth,132.3341,01-06-2023
SBI Small Cap Fund - Direct Plan - Growth,132.2913,31-05-2023
SBI Small Cap Fund - Direct Plan - Growth,131.9012,30-05-2023
SBI Small Cap Fund - Direct Plan - Growth,131.7139,29-05-2023
SBI Small Cap Fund - Direct Plan - Growth,131.5821,26-05-2023
SBI Small Cap Fund - Direct Plan - Growth,131.1635,25-05-2023
SBI Small Cap Fund - Direct Plan - Growth,130.9864,24-05-2023
SBI Small Cap Fund - Direct Plan - Growth,130.87,23-05-2023
SBI Small Cap Fund - Direct Plan - Growth,131.1264,22-05-2023
SBI Small Cap Fund - Direct Plan - Growth,130.2383,19-05-2023
SBI Small Cap Fund - Direct Plan - Growth,130.6447,18-05-2023
SBI Small Cap Fund - Direct Plan - Growth,130.5682,17-05-2023
SBI Small Cap Fund - Direct Plan - Growth,130.8127,16-05-2023
SBI Small Cap Fund - Direct Plan - Growth,130.5259,15-05-2023
SBI Small Cap Fund - Direct Plan - Growth,130.1433,12-05-2023
SBI Small Cap Fund - Direct Plan - Growth,130.2851,11-05-2023
SBI Small Cap Fund - Direct Plan - Growth,129.4546,10-05-2023
SBI Small Cap Fund - Direct Plan - Growth,128.8274,09-05-2023
SBI Small Cap Fund - Direct Plan - Growth,128.9877,08-05-2023
SBI Small Cap Fund - Direct Plan - Growth,127.7371,05-05-2023
SBI Small Cap Fund - Direct Plan - Growth,128.1846,04-05-2023
SBI Small Cap Fund - Direct Plan - Growth,127.493,03-05-2023
SBI Small Cap Fund - Direct Plan - Growth,127.3545,02-05-2023
SBI Small Cap Fund - Direct Plan - Growth,127.1712,28-04-2023
SBI Small Cap Fund - Direct Plan - Growth,126.338,27-04-2023
SBI Small Cap Fund - Direct Plan - Growth,125.8618,26-04-2023
SBI Small Cap Fund - Direct Plan - Growth,125.3949,25-04-2023
SBI Small Cap Fund - Direct Plan - Growth,125.372,24-04-2023
SBI Small Cap Fund - Direct Plan - Growth,125.2284,21-04-2023
SBI Small Cap Fund - Direct Plan - Growth,125.3792,20-04-2023
SBI Small Cap Fund - Direct Plan - Growth,124.6246,19-04-2023
SBI Small Cap Fund - Direct Plan - Growth,124.3244,18-04-2023
SBI Small Cap Fund - Direct Plan - Growth,124.2728,17-04-2023
SBI Small Cap Fund - Direct Plan - Growth,123.9911,13-04-2023
SBI Small Cap Fund - Direct Plan - Growth,123.6808,12-04-2023
SBI Small Cap Fund - Direct Plan - Growth,123.2215,11-04-2023
SBI Small Cap Fund - Direct Plan - Growth,122.9416,10-04-2023
SBI Small Cap Fund - Direct Plan - Growth,122.7811,06-04-2023
SBI Small Cap Fund - Direct Plan - Growth,122.6212,05-04-2023
SBI Small Cap Fund - Direct Plan - Growth,122.1271,03-04-2023
SBI Small Cap Fund - Direct Plan - Growth,121.7144,31-03-2023
SBI Small Cap Fund - Direct Plan - Growth,120.0371,29-03-2023
SBI Small Cap Fund - Direct Plan - Growth,118.3058,28-03-2023
SBI Small Cap Fund - Direct Plan - Growth,119.383,27-03-2023
SBI Small Cap Fund - Direct Plan - Growth,120.2745,24-03-2023
SBI Small Cap Fund - Direct Plan - Growth,121.7065,23-03-2023
SBI Small Cap Fund - Direct Plan - Growth,121.4156,22-03-2023
SBI Small Cap Fund - Direct Plan - Growth,120.9953,21-03-2023
SBI Small Cap Fund - Direct Plan - Growth,120.3344,20-03-2023
SBI Small Cap Fund - Direct Plan - Growth,121.446,17-03-2023
SBI Small Cap Fund - Direct Plan - Growth,120.9417,16-03-2023
SBI Small Cap Fund - Direct Plan - Growth,121.8605,15-03-2023
SBI Small Cap Fund - Direct Plan - Growth,121.7529,14-03-2023
SBI Small Cap Fund - Direct Plan - Growth,122.7771,13-03-2023
SBI Small Cap Fund - Direct Plan - Growth,124.211,10-03-2023
SBI Small Cap Fund - Direct Plan - Growth,124.5502,09-03-2023
SBI Small Cap Fund - Direct Plan - Growth,124.7469,08-03-2023
SBI Small Cap Fund - Direct Plan - Growth,124.8339,06-03-2023
SBI Small Cap Fund - Direct Plan - Growth,123.9481,03-03-2023
SBI Small Cap Fund - Direct Plan - Growth,123.3993,02-03-2023
SBI Small Cap Fund - Direct Plan - Growth,123.665,01-03-2023
SBI Small Cap Fund - Direct Plan - Growth,122.8701,28-02-2023
SBI Small Cap Fund - Direct Plan - Growth,122.0552,27-02-2023
SBI Small Cap Fund - Direct Plan - Growth,123.1777,24-02-2023
SBI Small Cap Fund - Direct Plan - Growth,123.0513,23-02-2023
SBI Small Cap Fund - Direct Plan - Growth,123.392,22-02-2023
SBI Small Cap Fund - Direct Plan - Growth,124.5172,21-02-2023
SBI Small Cap Fund - Direct Plan - Growth,124.9814,20-02-2023
SBI Small Cap Fund - Direct Plan - Growth,125.1119,17-02-2023
SBI Small Cap Fund - Direct Plan - Growth,124.9714,16-02-2023
SBI Small Cap Fund - Direct Plan - Growth,124.4506,15-02-2023
SBI Small Cap Fund - Direct Plan - Growth,124.0916,14-02-2023
SBI Small Cap Fund - Direct Plan - Growth,124.4056,13-02-2023
SBI Small Cap Fund - Direct Plan - Growth,125.1702,10-02-2023
SBI Small Cap Fund - Direct Plan - Growth,124.7379,09-02-2023
SBI Small Cap Fund - Direct Plan - Growth,125.1117,08-02-2023
SBI Small Cap Fund - Direct Plan - Growth,124.4182,07-02-2023
SBI Small Cap Fund - Direct Plan - Growth,123.9921,06-02-2023
SBI Small Cap Fund - Direct Plan - Growth,124.2907,03-02-2023
SBI Small Cap Fund - Direct Plan - Growth,124.0083,02-02-2023
SBI Small Cap Fund - Direct Plan - Growth,123.4784,01-02-2023
SBI Small Cap Fund - Direct Plan - Growth,124.3138,31-01-2023
SBI Small Cap Fund - Direct Plan - Growth,122.3633,30-01-2023
SBI Small Cap Fund - Direct Plan - Growth,122.6962,27-01-2023
SBI Small Cap Fund - Direct Plan - Growth,123.7522,25-01-2023
SBI Small Cap Fund - Direct Plan - Growth,124.1328,24-01-2023
SBI Small Cap Fund - Direct Plan - Growth,124.425,23-01-2023
SBI Small Cap Fund - Direct Plan - Growth,124.805,20-01-2023
SBI Small Cap Fund - Direct Plan - Growth,125.5433,19-01-2023
SBI Small Cap Fund - Direct Plan - Growth,125.7186,18-01-2023
SBI Small Cap Fund - Direct Plan - Growth,125.8074,17-01-2023
SBI Small Cap Fund - Direct Plan - Growth,125.9832,16-01-2023
SBI Small Cap Fund - Direct Plan - Growth,126.0588,13-01-2023
SBI Small Cap Fund - Direct Plan - Growth,126.1964,12-01-2023
SBI Small Cap Fund - Direct Plan - Growth,125.908,11-01-2023
SBI Small Cap Fund - Direct Plan - Growth,125.8004,10-01-2023
SBI Small Cap Fund - Direct Plan - Growth,126.4462,09-01-2023
SBI Small Cap Fund - Direct Plan - Growth,125.7185,06-01-2023
SBI Small Cap Fund - Direct Plan - Growth,126.7327,05-01-2023
SBI Small Cap Fund - Direct Plan - Growth,126.7266,04-01-2023
SBI Small Cap Fund - Direct Plan - Growth,127.7046,03-01-2023
SBI Small Cap Fund - Direct Plan - Growth,127.8404,02-01-2023
SBI Small Cap Fund - Direct Plan - Growth,127.3348,30-12-2022
SBI Small Cap Fund - Direct Plan - Growth,127.0211,29-12-2022
SBI Small Cap Fund - Direct Plan - Growth,126.6449,28-12-2022
SBI Small Cap Fund - Direct Plan - Growth,126.32,27-12-2022
SBI Small Cap Fund - Direct Plan - Growth,125.3049,26-12-2022
SBI Small Cap Fund - Direct Plan - Growth,122.5751,23-12-2022
SBI Small Cap Fund - Direct Plan - Growth,125.9663,22-12-2022
SBI Small Cap Fund - Direct Plan - Growth,128.1564,21-12-2022
SBI Small Cap Fund - Direct Plan - Growth,130.2814,20-12-2022
SBI Small Cap Fund - Direct Plan - Growth,129.9222,19-12-2022
SBI Small Cap Fund - Direct Plan - Growth,129.8891,16-12-2022
SBI Small Cap Fund - Direct Plan - Growth,130.9591,15-12-2022
SBI Small Cap Fund - Direct Plan - Growth,131.9951,14-12-2022
SBI Small Cap Fund - Direct Plan - Growth,131.0784,13-12-2022
SBI Small Cap Fund - Direct Plan - Growth,130.6256,12-12-2022
SBI Small Cap Fund - Direct Plan - Growth,130.5903,09-12-2022
SBI Small Cap Fund - Direct Plan - Growth,131.3288,08-12-2022
SBI Small Cap Fund - Direct Plan - Growth,130.6184,07-12-2022
SBI Small Cap Fund - Direct Plan - Growth,130.9286,06-12-2022
SBI Small Cap Fund - Direct Plan - Growth,131.0408,05-12-2022
SBI Small Cap Fund - Direct Plan - Growth,130.6855,02-12-2022
SBI Small Cap Fund - Direct Plan - Growth,130.2758,01-12-2022
SBI Small Cap Fund - Direct Plan - Growth,129.5097,30-11-2022
SBI Small Cap Fund - Direct Plan - Growth,128.544,29-11-2022
SBI Small Cap Fund - Direct Plan - Growth,129.0166,28-11-2022
SBI Small Cap Fund - Direct Plan - Growth,128.5562,25-11-2022
SBI Small Cap Fund - Direct Plan - Growth,128.2567,24-11-2022
SBI Small Cap Fund - Direct Plan - Growth,127.7493,23-11-2022
SBI Small Cap Fund - Direct Plan - Growth,127.4269,22-11-2022
SBI Small Cap Fund - Direct Plan - Growth,127.6535,21-11-2022
SBI Small Cap Fund - Direct Plan - Growth,127.4022,18-11-2022
SBI Small Cap Fund - Direct Plan - Growth,128.0744,17-11-2022
SBI Small Cap Fund - Direct Plan - Growth,128.1135,16-11-2022
SBI Small Cap Fund - Direct Plan - Growth,127.4028,15-11-2022
SBI Small Cap Fund - Direct Plan - Growth,127.4932,14-11-2022
SBI Small Cap Fund - Direct Plan - Growth,127.747,11-11-2022
SBI Small Cap Fund - Direct Plan - Growth,127.722,10-11-2022
SBI Small Cap Fund - Direct Plan - Growth,128.443,09-11-2022
SBI Small Cap Fund - Direct Plan - Growth,128.9903,07-11-2022
SBI Small Cap Fund - Direct Plan - Growth,128.615,04-11-2022
SBI Small Cap Fund - Direct Plan - Growth,128.4345,03-11-2022
SBI Small Cap Fund - Direct Plan - Growth,128.4568,02-11-2022
SBI Small Cap Fund - Direct Plan - Growth,127.8603,01-11-2022
SBI Small Cap Fund - Direct Plan - Growth,127.6411,31-10-2022
SBI Small Cap Fund - Direct Plan - Growth,127.8495,28-10-2022
SBI Small Cap Fund - Direct Plan - Growth,128.5742,27-10-2022
SBI Small Cap Fund - Direct Plan - Growth,128.1443,25-10-2022
SBI Small Cap Fund - Direct Plan - Growth,127.685,21-10-2022
SBI Small Cap Fund - Direct Plan - Growth,128.7159,20-10-2022
SBI Small Cap Fund - Direct Plan - Growth,128.6649,19-10-2022
SBI Small Cap Fund - Direct Plan - Growth,128.0846,18-10-2022
SBI Small Cap Fund - Direct Plan - Growth,127.4936,17-10-2022
SBI Small Cap Fund - Direct Plan - Growth,127.3371,14-10-2022
SBI Small Cap Fund - Direct Plan - Growth,127.0832,13-10-2022
SBI Small Cap Fund - Direct Plan - Growth,127.8117,12-10-2022
SBI Small Cap Fund - Direct Plan - Growth,127.5503,11-10-2022
SBI Small Cap Fund - Direct Plan - Growth,128.2879,10-10-2022
SBI Small Cap Fund - Direct Plan - Growth,129.3889,07-10-2022
SBI Small Cap Fund - Direct Plan - Growth,128.8844,06-10-2022
SBI Small Cap Fund - Direct Plan - Growth,128.2436,04-10-2022
SBI Small Cap Fund - Direct Plan - Growth,127.1351,03-10-2022
SBI Small Cap Fund - Direct Plan - Growth,126.7384,30-09-2022
SBI Small Cap Fund - Direct Plan - Growth,125.2023,29-09-2022
SBI Small Cap Fund - Direct Plan - Growth,124.4319,28-09-2022
SBI Small Cap Fund - Direct Plan - Growth,124.6406,27-09-2022
SBI Small Cap Fund - Direct Plan - Growth,123.8437,26-09-2022
SBI Small Cap Fund - Direct Plan - Growth,126.9671,23-09-2022
SBI Small Cap Fund - Direct Plan - Growth,128.606,22-09-2022
SBI Small Cap Fund - Direct Plan - Growth,128.623,21-09-2022
SBI Small Cap Fund - Direct Plan - Growth,128.8983,20-09-2022
SBI Small Cap Fund - Direct Plan - Growth,127.8166,19-09-2022
SBI Small Cap Fund - Direct Plan - Growth,128.0029,16-09-2022
SBI Small Cap Fund - Direct Plan - Growth,130.8477,15-09-2022
SBI Small Cap Fund - Direct Plan - Growth,131.5105,14-09-2022
SBI Small Cap Fund - Direct Plan - Growth,130.9984,13-09-2022
SBI Small Cap Fund - Direct Plan - Growth,131.2711,12-09-2022
SBI Small Cap Fund - Direct Plan - Growth,130.1662,09-09-2022
SBI Small Cap Fund - Direct Plan - Growth,129.8388,08-09-2022
SBI Small Cap Fund - Direct Plan - Growth,128.9903,07-09-2022
SBI Small Cap Fund - Direct Plan - Growth,127.812,06-09-2022
SBI Small Cap Fund - Direct Plan - Growth,126.9883,05-09-2022
SBI Small Cap Fund - Direct Plan - Growth,126.1091,02-09-2022
SBI Small Cap Fund - Direct Plan - Growth,124.8265,01-09-2022
SBI Small Cap Fund - Direct Plan - Growth,124.7127,30-08-2022
SBI Small Cap Fund - Direct Plan - Growth,123.2418,29-08-2022
SBI Small Cap Fund - Direct Plan - Growth,123.6562,26-08-2022
SBI Small Cap Fund - Direct Plan - Growth,123.2572,25-08-2022
SBI Small Cap Fund - Direct Plan - Growth,122.9131,24-08-2022
SBI Small Cap Fund - Direct Plan - Growth,122.1378,23-08-2022
SBI Small Cap Fund - Direct Plan - Growth,121.1594,22-08-2022
SBI Small Cap Fund - Direct Plan - Growth,121.8963,19-08-2022
SBI Small Cap Fund - Direct Plan - Growth,123.1031,18-08-2022
SBI Small Cap Fund - Direct Plan - Growth,122.7003,17-08-2022
SBI Small Cap Fund - Direct Plan - Growth,122.5798,16-08-2022
SBI Small Cap Fund - Direct Plan - Growth,122.1465,12-08-2022
SBI Small Cap Fund - Direct Plan - Growth,122.0436,11-08-2022
SBI Small Cap Fund - Direct Plan - Growth,121.7895,10-08-2022
SBI Small Cap Fund - Direct Plan - Growth,120.8529,08-08-2022
SBI Small Cap Fund - Direct Plan - Growth,119.5001,05-08-2022
SBI Small Cap Fund - Direct Plan - Growth,119.5351,04-08-2022
SBI Small Cap Fund - Direct Plan - Growth,119.3671,03-08-2022
SBI Small Cap Fund - Direct Plan - Growth,119.6709,02-08-2022
SBI Small Cap Fund - Direct Plan - Growth,118.4285,01-08-2022
SBI Small Cap Fund - Direct Plan - Growth,115.8262,29-07-2022
SBI Small Cap Fund - Direct Plan - Growth,115.4212,28-07-2022
SBI Small Cap Fund - Direct Plan - Growth,114.2238,27-07-2022
SBI Small Cap Fund - Direct Plan - Growth,113.9363,26-07-2022
SBI Small Cap Fund - Direct Plan - Growth,114.3251,25-07-2022
SBI Small Cap Fund - Direct Plan - Growth,114.09,22-07-2022
SBI Small Cap Fund - Direct Plan - Growth,113.4094,21-07-2022
SBI Small Cap Fund - Direct Plan - Growth,112.9868,20-07-2022
SBI Small Cap Fund - Direct Plan - Growth,112.8046,19-07-2022
SBI Small Cap Fund - Direct Plan - Growth,111.9322,18-07-2022
SBI Small Cap Fund - Direct Plan - Growth,111.1987,15-07-2022
SBI Small Cap Fund - Direct Plan - Growth,110.5523,14-07-2022
SBI Small Cap Fund - Direct Plan - Growth,110.6876,13-07-2022
SBI Small Cap Fund - Direct Plan - Growth,110.5217,12-07-2022
SBI Small Cap Fund - Direct Plan - Growth,111.3735,11-07-2022
SBI Small Cap Fund - Direct Plan - Growth,110.3205,08-07-2022
SBI Small Cap Fund - Direct Plan - Growth,110.0959,07-07-2022
SBI Small Cap Fund - Direct Plan - Growth,109.4531,06-07-2022
SBI Small Cap Fund - Direct Plan - Growth,108.9019,05-07-2022
SBI Small Cap Fund - Direct Plan - Growth,108.086,04-07-2022
SBI Small Cap Fund - Direct Plan - Growth,107.2511,01-07-2022
SBI Small Cap Fund - Direct Plan - Growth,107.3447,30-06-2022
SBI Small Cap Fund - Direct Plan - Growth,107.5298,29-06-2022
SBI Small Cap Fund - Direct Plan - Growth,107.8457,28-06-2022
SBI Small Cap Fund - Direct Plan - Growth,107.743,27-06-2022
SBI Small Cap Fund - Direct Plan - Growth,106.563,24-06-2022
SBI Small Cap Fund - Direct Plan - Growth,105.5826,23-06-2022
SBI Small Cap Fund - Direct Plan - Growth,104.2718,22-06-2022
SBI Small Cap Fund - Direct Plan - Growth,104.8701,21-06-2022
SBI Small Cap Fund - Direct Plan - Growth,103.2049,20-06-2022
SBI Small Cap Fund - Direct Plan - Growth,104.8911,17-06-2022
SBI Small Cap Fund - Direct Plan - Growth,105.836,16-06-2022
SBI Small Cap Fund - Direct Plan - Growth,107.9569,15-06-2022
SBI Small Cap Fund - Direct Plan - Growth,107.7655,14-06-2022
SBI Small Cap Fund - Direct Plan - Growth,108.1973,13-06-2022
SBI Small Cap Fund - Direct Plan - Growth,110.3611,10-06-2022
SBI Small Cap Fund - Direct Plan - Growth,110.773,09-06-2022
SBI Small Cap Fund - Direct Plan - Growth,110.696,08-06-2022
SBI Small Cap Fund - Direct Plan - Growth,110.8741,07-06-2022
SBI Small Cap Fund - Direct Plan - Growth,111.468,06-06-2022
SBI Small Cap Fund - Direct Plan - Growth,111.6854,03-06-2022
SBI Small Cap Fund - Direct Plan - Growth,113.0447,02-06-2022
SBI Small Cap Fund - Direct Plan - Growth,113.0469,01-06-2022
SBI Small Cap Fund - Direct Plan - Growth,111.3985,31-05-2022
SBI Small Cap Fund - Direct Plan - Growth,110.8854,30-05-2022
SBI Small Cap Fund - Direct Plan - Growth,109.1239,27-05-2022
SBI Small Cap Fund - Direct Plan - Growth,109.0641,26-05-2022
SBI Small Cap Fund - Direct Plan - Growth,108.4736,25-05-2022
SBI Small Cap Fund - Direct Plan - Growth,110.3592,24-05-2022
SBI Small Cap Fund - Direct Plan - Growth,110.7194,23-05-2022
SBI Small Cap Fund - Direct Plan - Growth,110.5206,20-05-2022
SBI Small Cap Fund - Direct Plan - Growth,109.1737,19-05-2022
SBI Small Cap Fund - Direct Plan - Growth,110.4242,18-05-2022
SBI Small Cap Fund - Direct Plan - Growth,110.5126,17-05-2022
SBI Small Cap Fund - Direct Plan - Growth,108.381,16-05-2022
SBI Small Cap Fund - Direct Plan - Growth,107.0481,13-05-2022
SBI Small Cap Fund - Direct Plan - Growth,106.8265,12-05-2022
SBI Small Cap Fund - Direct Plan - Growth,108.1924,11-05-2022
SBI Small Cap Fund - Direct Plan - Growth,109.6278,10-05-2022
SBI Small Cap Fund - Direct Plan - Growth,111.1072,09-05-2022
SBI Small Cap Fund - Direct Plan - Growth,111.917,06-05-2022
SBI Small Cap Fund - Direct Plan - Growth,113.3928,05-05-2022
SBI Small Cap Fund - Direct Plan - Growth,113.5479,04-05-2022
SBI Small Cap Fund - Direct Plan - Growth,115.6675,02-05-2022
SBI Small Cap Fund - Direct Plan - Growth,116.4371,29-04-2022
SBI Small Cap Fund - Direct Plan - Growth,117.2654,28-04-2022
SBI Small Cap Fund - Direct Plan - Growth,116.3239,27-04-2022
SBI Small Cap Fund - Direct Plan - Growth,116.5381,26-04-2022
SBI Small Cap Fund - Direct Plan - Growth,115.7364,25-04-2022
SBI Small Cap Fund - Direct Plan - Growth,116.9877,22-04-2022
SBI Small Cap Fund - Direct Plan - Growth,117.0681,21-04-2022
SBI Small Cap Fund - Direct Plan - Growth,116.0793,20-04-2022
SBI Small Cap Fund - Direct Plan - Growth,116.0671,19-04-2022
SBI Small Cap Fund - Direct Plan - Growth,117.0086,18-04-2022
SBI Small Cap Fund - Direct Plan - Growth,117.5522,13-04-2022
SBI Small Cap Fund - Direct Plan - Growth,117.6272,12-04-2022
SBI Small Cap Fund - Direct Plan - Growth,118.7434,11-04-2022
SBI Small Cap Fund - Direct Plan - Growth,118.159,08-04-2022
SBI Small Cap Fund - Direct Plan - Growth,117.3808,07-04-2022
SBI Small Cap Fund - Direct Plan - Growth,117.9615,06-04-2022
SBI Small Cap Fund - Direct Plan - Growth,117.6729,05-04-2022
SBI Small Cap Fund - Direct Plan - Growth,116.1819,04-04-2022
SBI Small Cap Fund - Direct Plan - Growth,114.8655,01-04-2022
SBI Small Cap Fund - Direct Plan - Growth,113.3881,31-03-2022
SBI Small Cap Fund - Direct Plan - Growth,113.3938,30-03-2022
SBI Small Cap Fund - Direct Plan - Growth,112.833,29-03-2022
SBI Small Cap Fund - Direct Plan - Growth,111.3773,28-03-2022
SBI Small Cap Fund - Direct Plan - Growth,111.8414,25-03-2022
SBI Small Cap Fund - Direct Plan - Growth,112.129,24-03-2022
SBI Small Cap Fund - Direct Plan - Growth,112.0594,23-03-2022
SBI Small Cap Fund - Direct Plan - Growth,111.8136,22-03-2022
SBI Small Cap Fund - Direct Plan - Growth,111.8034,21-03-2022
SBI Small Cap Fund - Direct Plan - Growth,112.1278,17-03-2022
SBI Small Cap Fund - Direct Plan - Growth,111.4996,16-03-2022
SBI Small Cap Fund - Direct Plan - Growth,110.7915,15-03-2022
SBI Small Cap Fund - Direct Plan - Growth,111.3776,14-03-2022
SBI Small Cap Fund - Direct Plan - Growth,110.3959,11-03-2022
SBI Small Cap Fund - Direct Plan - Growth,109.8399,10-03-2022
SBI Small Cap Fund - Direct Plan - Growth,108.7536,09-03-2022
SBI Small Cap Fund - Direct Plan - Growth,107.1074,08-03-2022
SBI Small Cap Fund - Direct Plan - Growth,106.6562,07-03-2022
SBI Small Cap Fund - Direct Plan - Growth,108.4432,04-03-2022
SBI Small Cap Fund - Direct Plan - Growth,109.9523,03-03-2022
SBI Small Cap Fund - Direct Plan - Growth,109.7898,02-03-2022
SBI Small Cap Fund - Direct Plan - Growth,109.8735,28-02-2022
SBI Small Cap Fund - Direct Plan - Growth,109.1447,25-02-2022
SBI Small Cap Fund - Direct Plan - Growth,105.5919,24-02-2022
SBI Small Cap Fund - Direct Plan - Growth,109.8892,23-02-2022
SBI Small Cap Fund - Direct Plan - Growth,109.2415,22-02-2022
SBI Small Cap Fund - Direct Plan - Growth,110.5555,21-02-2022
SBI Small Cap Fund - Direct Plan - Growth,112.6163,18-02-2022
SBI Small Cap Fund - Direct Plan - Growth,113.0094,17-02-2022
SBI Small Cap Fund - Direct Plan - Growth,113.4702,16-02-2022
SBI Small Cap Fund - Direct Plan - Growth,112.2859,15-02-2022
SBI Small Cap Fund - Direct Plan - Growth,111.1649,14-02-2022
SBI Small Cap Fund - Direct Plan - Growth,114.5805,11-02-2022
SBI Small Cap Fund - Direct Plan - Growth,116.361,10-02-2022
SBI Small Cap Fund - Direct Plan - Growth,116.6628,09-02-2022
SBI Small Cap Fund - Direct Plan - Growth,116.9897,08-02-2022
SBI Small Cap Fund - Direct Plan - Growth,118.1213,07-02-2022
SBI Small Cap Fund - Direct Plan - Growth,118.1779,04-02-2022
SBI Small Cap Fund - Direct Plan - Growth,117.9384,03-02-2022
SBI Small Cap Fund - Direct Plan - Growth,118.2925,02-02-2022
SBI Small Cap Fund - Direct Plan - Growth,116.8615,01-02-2022
SBI Small Cap Fund - Direct Plan - Growth,115.1383,31-01-2022
SBI Small Cap Fund - Direct Plan - Growth,113.7542,28-01-2022
SBI Small Cap Fund - Direct Plan - Growth,113.4644,27-01-2022
SBI Small Cap Fund - Direct Plan - Growth,114.9265,25-01-2022
SBI Small Cap Fund - Direct Plan - Growth,113.8388,24-01-2022
SBI Small Cap Fund - Direct Plan - Growth,118.8871,21-01-2022
SBI Small Cap Fund - Direct Plan - Growth,120.1311,20-01-2022
SBI Small Cap Fund - Direct Plan - Growth,120.1682,19-01-2022
SBI Small Cap Fund - Direct Plan - Growth,120.3738,18-01-2022
SBI Small Cap Fund - Direct Plan - Growth,121.889,17-01-2022
SBI Small Cap Fund - Direct Plan - Growth,121.5144,14-01-2022
SBI Small Cap Fund - Direct Plan - Growth,120.6145,13-01-2022
SBI Small Cap Fund - Direct Plan - Growth,120.503,12-01-2022
SBI Small Cap Fund - Direct Plan - Growth,119.2122,11-01-2022
SBI Small Cap Fund - Direct Plan - Growth,119.259,10-01-2022
SBI Small Cap Fund - Direct Plan - Growth,118.0578,07-01-2022
SBI Small Cap Fund - Direct Plan - Growth,118.078,06-01-2022
SBI Small Cap Fund - Direct Plan - Growth,117.8449,05-01-2022
SBI Small Cap Fund - Direct Plan - Growth,117.9937,04-01-2022
SBI Small Cap Fund - Direct Plan - Growth,117.8295,03-01-2022
SBI Small Cap Fund - Direct Plan - Growth,116.5135,31-12-2021
SBI Small Cap Fund - Direct Plan - Growth,115.0392,30-12-2021
SBI Small Cap Fund - Direct Plan - Growth,115.107,29-12-2021
SBI Small Cap Fund - Direct Plan - Growth,114.187,28-12-2021
SBI Small Cap Fund - Direct Plan - Growth,113.1013,27-12-2021
SBI Small Cap Fund - Direct Plan - Growth,113.0034,24-12-2021
SBI Small Cap Fund - Direct Plan - Growth,114.0603,23-12-2021
SBI Small Cap Fund - Direct Plan - Growth,113.5008,22-12-2021
SBI Small Cap Fund - Direct Plan - Growth,112.1347,21-12-2021
SBI Small Cap Fund - Direct Plan - Growth,111.4291,20-12-2021
SBI Small Cap Fund - Direct Plan - Growth,114.4182,17-12-2021
SBI Small Cap Fund - Direct Plan - Growth,115.5621,16-12-2021
SBI Small Cap Fund - Direct Plan - Growth,116.7334,15-12-2021
SBI Small Cap Fund - Direct Plan - Growth,116.5661,14-12-2021
SBI Small Cap Fund - Direct Plan - Growth,116.6731,13-12-2021
SBI Small Cap Fund - Direct Plan - Growth,117.0295,10-12-2021
SBI Small Cap Fund - Direct Plan - Growth,116.4189,09-12-2021
SBI Small Cap Fund - Direct Plan - Growth,115.9955,08-12-2021
SBI Small Cap Fund - Direct Plan - Growth,115.5693,07-12-2021
SBI Small Cap Fund - Direct Plan - Growth,114.2375,06-12-2021
SBI Small Cap Fund - Direct Plan - Growth,115.4989,03-12-2021
SBI Small Cap Fund - Direct Plan - Growth,115.1803,02-12-2021
SBI Small Cap Fund - Direct Plan - Growth,114.5225,01-12-2021
SBI Small Cap Fund - Direct Plan - Growth,114.6061,30-11-2021
SBI Small Cap Fund - Direct Plan - Growth,112.0406,29-11-2021
SBI Small Cap Fund - Direct Plan - Growth,113.7581,26-11-2021
SBI Small Cap Fund - Direct Plan - Growth,117.3365,25-11-2021
SBI Small Cap Fund - Direct Plan - Growth,116.9382,24-11-2021
SBI Small Cap Fund - Direct Plan - Growth,115.7625,23-11-2021
SBI Small Cap Fund - Direct Plan - Growth,114.5634,22-11-2021
SBI Small Cap Fund - Direct Plan - Growth,116.9958,18-11-2021
SBI Small Cap Fund - Direct Plan - Growth,118.1513,17-11-2021
SBI Small Cap Fund - Direct Plan - Growth,118.6213,16-11-2021
SBI Small Cap Fund - Direct Plan - Growth,119.239,15-11-2021
SBI Small Cap Fund - Direct Plan - Growth,119.2912,12-11-2021
SBI Small Cap Fund - Direct Plan - Growth,118.4235,11-11-2021
SBI Small Cap Fund - Direct Plan - Growth,117.9059,10-11-2021
SBI Small Cap Fund - Direct Plan - Growth,117.9077,09-11-2021
SBI Small Cap Fund - Direct Plan - Growth,117.3055,08-11-2021
SBI Small Cap Fund - Direct Plan - Growth,115.5222,03-11-2021
SBI Small Cap Fund - Direct Plan - Growth,115.5178,02-11-2021
SBI Small Cap Fund - Direct Plan - Growth,114.2579,01-11-2021
SBI Small Cap Fund - Direct Plan - Growth,113.6715,29-10-2021
SBI Small Cap Fund - Direct Plan - Growth,113.475,28-10-2021
SBI Small Cap Fund - Direct Plan - Growth,114.1178,27-10-2021
SBI Small Cap Fund - Direct Plan - Growth,113.5163,26-10-2021
SBI Small Cap Fund - Direct Plan - Growth,111.9962,25-10-2021
SBI Small Cap Fund - Direct Plan - Growth,113.4348,22-10-2021
SBI Small Cap Fund - Direct Plan - Growth,113.8861,21-10-2021
SBI Small Cap Fund - Direct Plan - Growth,113.4912,20-10-2021
SBI Small Cap Fund - Direct Plan - Growth,116.2545,19-10-2021
SBI Small Cap Fund - Direct Plan - Growth,117.5222,18-10-2021
SBI Small Cap Fund - Direct Plan - Growth,116.6919,14-10-2021
SBI Small Cap Fund - Direct Plan - Growth,116.4436,13-10-2021
SBI Small Cap Fund - Direct Plan - Growth,115.2274,12-10-2021
SBI Small Cap Fund - Direct Plan - Growth,115.1336,11-10-2021
SBI Small Cap Fund - Direct Plan - Growth,114.3972,08-10-2021
SBI Small Cap Fund - Direct Plan - Growth,113.9512,07-10-2021
SBI Small Cap Fund - Direct Plan - Growth,112.5383,06-10-2021
SBI Small Cap Fund - Direct Plan - Growth,112.8715,05-10-2021
SBI Small Cap Fund - Direct Plan - Growth,112.8335,04-10-2021
SBI Small Cap Fund - Direct Plan - Growth,110.9385,01-10-2021
SBI Small Cap Fund - Direct Plan - Growth,110.1672,30-09-2021
SBI Small Cap Fund - Direct Plan - Growth,109.4882,29-09-2021
SBI Small Cap Fund - Direct Plan - Growth,109.4454,28-09-2021
SBI Small Cap Fund - Direct Plan - Growth,109.313,27-09-2021
SBI Small Cap Fund - Direct Plan - Growth,109.5436,24-09-2021
SBI Small Cap Fund - Direct Plan - Growth,110.2011,23-09-2021
SBI Small Cap Fund - Direct Plan - Growth,109.0144,22-09-2021
SBI Small Cap Fund - Direct Plan - Growth,107.9811,21-09-2021
SBI Small Cap Fund - Direct Plan - Growth,107.5332,20-09-2021
SBI Small Cap Fund - Direct Plan - Growth,109.0842,17-09-2021
SBI Small Cap Fund - Direct Plan - Growth,110.188,16-09-2021
SBI Small Cap Fund - Direct Plan - Growth,110.3295,15-09-2021
SBI Small Cap Fund - Direct Plan - Growth,109.5639,14-09-2021
SBI Small Cap Fund - Direct Plan - Growth,108.3557,13-09-2021
SBI Small Cap Fund - Direct Plan - Growth,108.1289,09-09-2021
SBI Small Cap Fund - Direct Plan - Growth,107.1416,08-09-2021
SBI Small Cap Fund - Direct Plan - Growth,106.9263,07-09-2021
SBI Small Cap Fund - Direct Plan - Growth,107.1149,06-09-2021
SBI Small Cap Fund - Direct Plan - Growth,106.5171,03-09-2021
SBI Small Cap Fund - Direct Plan - Growth,106.4916,02-09-2021
SBI Small Cap Fund - Direct Plan - Growth,105.6616,01-09-2021
SBI Small Cap Fund - Direct Plan - Growth,105.6214,31-08-2021
SBI Small Cap Fund - Direct Plan - Growth,104.648,30-08-2021
SBI Small Cap Fund - Direct Plan - Growth,102.8137,27-08-2021
SBI Small Cap Fund - Direct Plan - Growth,102.162,26-08-2021
SBI Small Cap Fund - Direct Plan - Growth,101.532,25-08-2021
SBI Small Cap Fund - Direct Plan - Growth,101.0715,24-08-2021
SBI Small Cap Fund - Direct Plan - Growth,100.065,23-08-2021
SBI Small Cap Fund - Direct Plan - Growth,101.3154,20-08-2021
SBI Small Cap Fund - Direct Plan - Growth,102.7792,18-08-2021
SBI Small Cap Fund - Direct Plan - Growth,102.9948,17-08-2021
SBI Small Cap Fund - Direct Plan - Growth,102.6818,16-08-2021
SBI Small Cap Fund - Direct Plan - Growth,103.1156,13-08-2021
SBI Small Cap Fund - Direct Plan - Growth,102.8351,12-08-2021
SBI Small Cap Fund - Direct Plan - Growth,101.5778,11-08-2021
SBI Small Cap Fund - Direct Plan - Growth,102.739,10-08-2021
SBI Small Cap Fund - Direct Plan - Growth,104.2697,09-08-2021
SBI Small Cap Fund - Direct Plan - Growth,104.8069,06-08-2021
SBI Small Cap Fund - Direct Plan - Growth,104.998,05-08-2021
SBI Small Cap Fund - Direct Plan - Growth,105.4579,04-08-2021
SBI Small Cap Fund - Direct Plan - Growth,106.3929,03-08-2021
SBI Small Cap Fund - Direct Plan - Growth,106.1017,02-08-2021
SBI Small Cap Fund - Direct Plan - Growth,105.3714,30-07-2021
SBI Small Cap Fund - Direct Plan - Growth,104.8903,29-07-2021
SBI Small Cap Fund - Direct Plan - Growth,103.617,28-07-2021
SBI Small Cap Fund - Direct Plan - Growth,103.8914,27-07-2021
SBI Small Cap Fund - Direct Plan - Growth,104.4083,26-07-2021
SBI Small Cap Fund - Direct Plan - Growth,104.3972,23-07-2021
SBI Small Cap Fund - Direct Plan - Growth,104.1531,22-07-2021
SBI Small Cap Fund - Direct Plan - Growth,103.3603,20-07-2021
SBI Small Cap Fund - Direct Plan - Growth,104.8046,19-07-2021
SBI Small Cap Fund - Direct Plan - Growth,104.9914,16-07-2021
SBI Small Cap Fund - Direct Plan - Growth,105.0695,15-07-2021
SBI Small Cap Fund - Direct Plan - Growth,105.2564,14-07-2021
SBI Small Cap Fund - Direct Plan - Growth,104.6746,13-07-2021
SBI Small Cap Fund - Direct Plan - Growth,104.1041,12-07-2021
SBI Small Cap Fund - Direct Plan - Growth,103.1664,09-07-2021
SBI Small Cap Fund - Direct Plan - Growth,103.0963,08-07-2021
SBI Small Cap Fund - Direct Plan - Growth,103.5981,07-07-2021
SBI Small Cap Fund - Direct Plan - Growth,102.8988,06-07-2021
SBI Small Cap Fund - Direct Plan - Growth,102.4792,05-07-2021
SBI Small Cap Fund - Direct Plan - Growth,101.8067,02-07-2021
SBI Small Cap Fund - Direct Plan - Growth,101.142,01-07-2021
SBI Small Cap Fund - Direct Plan - Growth,100.9756,30-06-2021
SBI Small Cap Fund - Direct Plan - Growth,100.5042,29-06-2021
SBI Small Cap Fund - Direct Plan - Growth,100.7862,28-06-2021
SBI Small Cap Fund - Direct Plan - Growth,100.1155,25-06-2021
SBI Small Cap Fund - Direct Plan - Growth,99.7729,24-06-2021
SBI Small Cap Fund - Direct Plan - Growth,99.71,23-06-2021
SBI Small Cap Fund - Direct Plan - Growth,99.366,22-06-2021
SBI Small Cap Fund - Direct Plan - Growth,98.8195,21-06-2021
SBI Small Cap Fund - Direct Plan - Growth,98.4344,18-06-2021
SBI Small Cap Fund - Direct Plan - Growth,98.6026,17-06-2021
SBI Small Cap Fund - Direct Plan - Growth,99.1338,16-06-2021
SBI Small Cap Fund - Direct Plan - Growth,99.6014,15-06-2021
SBI Small Cap Fund - Direct Plan - Growth,99.2339,14-06-2021
SBI Small Cap Fund - Direct Plan - Growth,99.8345,11-06-2021
SBI Small Cap Fund - Direct Plan - Growth,99.9654,10-06-2021
SBI Small Cap Fund - Direct Plan - Growth,99.0036,09-06-2021
SBI Small Cap Fund - Direct Plan - Growth,100.1122,08-06-2021
SBI Small Cap Fund - Direct Plan - Growth,99.9491,07-06-2021
SBI Small Cap Fund - Direct Plan - Growth,98.8539,04-06-2021
SBI Small Cap Fund - Direct Plan - Growth,98.125,03-06-2021
SBI Small Cap Fund - Direct Plan - Growth,98.0796,02-06-2021
SBI Small Cap Fund - Direct Plan - Growth,97.2044,01-06-2021
SBI Small Cap Fund - Direct Plan - Growth,97.38,31-05-2021
SBI Small Cap Fund - Direct Plan - Growth,97.2483,28-05-2021
SBI Small Cap Fund - Direct Plan - Growth,97.9063,27-05-2021
SBI Small Cap Fund - Direct Plan - Growth,97.3437,26-05-2021
SBI Small Cap Fund - Direct Plan - Growth,96.8992,25-05-2021
SBI Small Cap Fund - Direct Plan - Growth,96.0305,24-05-2021
SBI Small Cap Fund - Direct Plan - Growth,95.3914,21-05-2021
SBI Small Cap Fund - Direct Plan - Growth,95.0316,20-05-2021
SBI Small Cap Fund - Direct Plan - Growth,94.7558,19-05-2021
SBI Small Cap Fund - Direct Plan - Growth,93.9225,18-05-2021
SBI Small Cap Fund - Direct Plan - Growth,92.9585,17-05-2021
SBI Small Cap Fund - Direct Plan - Growth,92.2765,14-05-2021
SBI Small Cap Fund - Direct Plan - Growth,92.9124,12-05-2021
SBI Small Cap Fund - Direct Plan - Growth,93.5737,11-05-2021
SBI Small Cap Fund - Direct Plan - Growth,92.846,10-05-2021
SBI Small Cap Fund - Direct Plan - Growth,92.2135,07-05-2021
SBI Small Cap Fund - Direct Plan - Growth,92.1186,06-05-2021
SBI Small Cap Fund - Direct Plan - Growth,92.0577,05-05-2021
SBI Small Cap Fund - Direct Plan - Growth,91.3626,04-05-2021
SBI Small Cap Fund - Direct Plan - Growth,91.3828,03-05-2021
SBI Small Cap Fund - Direct Plan - Growth,90.4752,30-04-2021
SBI Small Cap Fund - Direct Plan - Growth,90.6173,29-04-2021
SBI Small Cap Fund - Direct Plan - Growth,90.332,28-04-2021
SBI Small Cap Fund - Direct Plan - Growth,89.5712,27-04-2021
SBI Small Cap Fund - Direct Plan - Growth,88.5558,26-04-2021
SBI Small Cap Fund - Direct Plan - Growth,87.9149,23-04-2021
SBI Small Cap Fund - Direct Plan - Growth,87.767,22-04-2021
SBI Small Cap Fund - Direct Plan - Growth,87.1948,20-04-2021
SBI Small Cap Fund - Direct Plan - Growth,86.7783,19-04-2021
SBI Small Cap Fund - Direct Plan - Growth,87.3888,16-04-2021
SBI Small Cap Fund - Direct Plan - Growth,87.1259,15-04-2021
SBI Small Cap Fund - Direct Plan - Growth,86.9516,13-04-2021
SBI Small Cap Fund - Direct Plan - Growth,86.272,12-04-2021
SBI Small Cap Fund - Direct Plan - Growth,90.0091,09-04-2021
SBI Small Cap Fund - Direct Plan - Growth,89.9964,08-04-2021
SBI Small Cap Fund - Direct Plan - Growth,88.9063,07-04-2021
SBI Small Cap Fund - Direct Plan - Growth,88.3419,06-04-2021
SBI Small Cap Fund - Direct Plan - Growth,87.5976,05-04-2021
SBI Small Cap Fund - Direct Plan - Growth,88.4903,01-04-2021
SBI Small Cap Fund - Direct Plan - Growth,87.4737,31-03-2021
SBI Small Cap Fund - Direct Plan - Growth,86.6977,30-03-2021
SBI Small Cap Fund - Direct Plan - Growth,85.5087,26-03-2021
SBI Small Cap Fund - Direct Plan - Growth,84.6698,25-03-2021
SBI Small Cap Fund - Direct Plan - Growth,86.1717,24-03-2021
SBI Small Cap Fund - Direct Plan - Growth,87.5212,23-03-2021
SBI Small Cap Fund - Direct Plan - Growth,86.4156,22-03-2021
SBI Small Cap Fund - Direct Plan - Growth,85.7498,19-03-2021
SBI Small Cap Fund - Direct Plan - Growth,86.0465,18-03-2021
SBI Small Cap Fund - Direct Plan - Growth,87.2732,17-03-2021
SBI Small Cap Fund - Direct Plan - Growth,88.5682,16-03-2021
SBI Small Cap Fund - Direct Plan - Growth,88.5963,15-03-2021
SBI Small Cap Fund - Direct Plan - Growth,88.9315,12-03-2021
SBI Small Cap Fund - Direct Plan - Growth,88.6966,10-03-2021
SBI Small Cap Fund - Direct Plan - Growth,88.3161,09-03-2021
SBI Small Cap Fund - Direct Plan - Growth,88.5876,08-03-2021
SBI Small Cap Fund - Direct Plan - Growth,88.2252,05-03-2021
SBI Small Cap Fund - Direct Plan - Growth,88.9623,04-03-2021
SBI Small Cap Fund - Direct Plan - Growth,88.4923,03-03-2021
SBI Small Cap Fund - Direct Plan - Growth,87.7662,02-03-2021
SBI Small Cap Fund - Direct Plan - Growth,86.8947,01-03-2021
SBI Small Cap Fund - Direct Plan - Growth,85.7878,26-02-2021
SBI Small Cap Fund - Direct Plan - Growth,86.3588,25-02-2021
SBI Small Cap Fund - Direct Plan - Growth,84.7936,24-02-2021
SBI Small Cap Fund - Direct Plan - Growth,84.0135,23-02-2021
SBI Small Cap Fund - Direct Plan - Growth,83.6608,22-02-2021
SBI Small Cap Fund - Direct Plan - Growth,84.9273,19-02-2021
SBI Small Cap Fund - Direct Plan - Growth,85.5317,18-02-2021
SBI Small Cap Fund - Direct Plan - Growth,84.8193,17-02-2021
SBI Small Cap Fund - Direct Plan - Growth,84.5871,16-02-2021
SBI Small Cap Fund - Direct Plan - Growth,85.0276,15-02-2021
SBI Small Cap Fund - Direct Plan - Growth,84.5864,12-02-2021
SBI Small Cap Fund - Direct Plan - Growth,84.1694,11-02-2021
SBI Small Cap Fund - Direct Plan - Growth,83.3864,10-02-2021
SBI Small Cap Fund - Direct Plan - Growth,83.1303,09-02-2021
SBI Small Cap Fund - Direct Plan - Growth,83.4924,08-02-2021
SBI Small Cap Fund - Direct Plan - Growth,82.6153,05-02-2021
SBI Small Cap Fund - Direct Plan - Growth,82.4453,04-02-2021
SBI Small Cap Fund - Direct Plan - Growth,81.6538,03-02-2021
SBI Small Cap Fund - Direct Plan - Growth,80.6225,02-02-2021
SBI Small Cap Fund - Direct Plan - Growth,79.4344,01-02-2021
SBI Small Cap Fund - Direct Plan - Growth,77.8537,29-01-2021
SBI Small Cap Fund - Direct Plan - Growth,77.7009,28-01-2021
SBI Small Cap Fund - Direct Plan - Growth,78.2494,27-01-2021
SBI Small Cap Fund - Direct Plan - Growth,78.9867,25-01-2021
SBI Small Cap Fund - Direct Plan - Growth,79.6084,22-01-2021
SBI Small Cap Fund - Direct Plan - Growth,80.5094,21-01-2021
SBI Small Cap Fund - Direct Plan - Growth,80.6259,20-01-2021
SBI Small Cap Fund - Direct Plan - Growth,80.6173,19-01-2021
SBI Small Cap Fund - Direct Plan - Growth,79.4401,18-01-2021
SBI Small Cap Fund - Direct Plan - Growth,80.5302,15-01-2021
SBI Small Cap Fund - Direct Plan - Growth,81.0944,14-01-2021
SBI Small Cap Fund - Direct Plan - Growth,81.6065,13-01-2021
SBI Small Cap Fund - Direct Plan - Growth,81.9853,12-01-2021
SBI Small Cap Fund - Direct Plan - Growth,82.0949,11-01-2021
SBI Small Cap Fund - Direct Plan - Growth,82.4047,08-01-2021
SBI Small Cap Fund - Direct Plan - Growth,81.8689,07-01-2021
SBI Small Cap Fund - Direct Plan - Growth,80.8795,06-01-2021
SBI Small Cap Fund - Direct Plan - Growth,80.6897,05-01-2021
SBI Small Cap Fund - Direct Plan - Growth,79.9178,04-01-2021
SBI Small Cap Fund - Direct Plan - Growth,78.961,01-01-2021
SBI Small Cap Fund - Direct Plan - Growth,78.1396,31-12-2020
SBI Small Cap Fund - Direct Plan - Growth,78.1608,30-12-2020
SBI Small Cap Fund - Direct Plan - Growth,77.9378,29-12-2020
SBI Small Cap Fund - Direct Plan - Growth,77.201,28-12-2020
SBI Small Cap Fund - Direct Plan - Growth,76.2652,24-12-2020
SBI Small Cap Fund - Direct Plan - Growth,75.995,23-12-2020
SBI Small Cap Fund - Direct Plan - Growth,74.4438,22-12-2020
SBI Small Cap Fund - Direct Plan - Growth,74.3431,21-12-2020
SBI Small Cap Fund - Direct Plan - Growth,76.6351,18-12-2020
SBI Small Cap Fund - Direct Plan - Growth,76.9464,17-12-2020
SBI Small Cap Fund - Direct Plan - Growth,77.1352,16-12-2020
SBI Small Cap Fund - Direct Plan - Growth,76.8527,15-12-2020
SBI Small Cap Fund - Direct Plan - Growth,76.7302,14-12-2020
SBI Small Cap Fund - Direct Plan - Growth,76.1897,11-12-2020
SBI Small Cap Fund - Direct Plan - Growth,76.0258,10-12-2020
SBI Small Cap Fund - Direct Plan - Growth,76.3633,09-12-2020
SBI Small Cap Fund - Direct Plan - Growth,76.0347,08-12-2020
SBI Small Cap Fund - Direct Plan - Growth,76.2757,07-12-2020
SBI Small Cap Fund - Direct Plan - Growth,75.2531,04-12-2020
SBI Small Cap Fund - Direct Plan - Growth,74.5188,03-12-2020
SBI Small Cap Fund - Direct Plan - Growth,74.0961,02-12-2020
SBI Small Cap Fund - Direct Plan - Growth,73.9151,01-12-2020
SBI Small Cap Fund - Direct Plan - Growth,73.1105,27-11-2020
SBI Small Cap Fund - Direct Plan - Growth,71.4394,26-11-2020
SBI Small Cap Fund - Direct Plan - Growth,71.2859,25-11-2020
SBI Small Cap Fund - Direct Plan - Growth,72.0394,24-11-2020
SBI Small Cap Fund - Direct Plan - Growth,71.3108,23-11-2020
SBI Small Cap Fund - Direct Plan - Growth,70.6897,20-11-2020
SBI Small Cap Fund - Direct Plan - Growth,70.3257,19-11-2020
SBI Small Cap Fund - Direct Plan - Growth,70.0787,18-11-2020
SBI Small Cap Fund - Direct Plan - Growth,69.2585,17-11-2020
SBI Small Cap Fund - Direct Plan - Growth,67.8975,13-11-2020
SBI Small Cap Fund - Direct Plan - Growth,67.0874,12-11-2020
SBI Small Cap Fund - Direct Plan - Growth,66.6685,11-11-2020
SBI Small Cap Fund - Direct Plan - Growth,66.4961,10-11-2020
SBI Small Cap Fund - Direct Plan - Growth,66.5707,09-11-2020
SBI Small Cap Fund - Direct Plan - Growth,65.761,06-11-2020
SBI Small Cap Fund - Direct Plan - Growth,65.3632,05-11-2020
SBI Small Cap Fund - Direct Plan - Growth,64.6703,04-11-2020
SBI Small Cap Fund - Direct Plan - Growth,64.2757,03-11-2020
SBI Small Cap Fund - Direct Plan - Growth,63.9582,02-11-2020
SBI Small Cap Fund - Direct Plan - Growth,64.0422,30-10-2020
SBI Small Cap Fund - Direct Plan - Growth,63.8738,29-10-2020
SBI Small Cap Fund - Direct Plan - Growth,64.1264,28-10-2020
SBI Small Cap Fund - Direct Plan - Growth,64.2905,27-10-2020
SBI Small Cap Fund - Direct Plan - Growth,64.1467,26-10-2020
SBI Small Cap Fund - Direct Plan - Growth,64.4167,23-10-2020
SBI Small Cap Fund - Direct Plan - Growth,63.9264,22-10-2020
SBI Small Cap Fund - Direct Plan - Growth,63.7626,21-10-2020
SBI Small Cap Fund - Direct Plan - Growth,63.7148,20-10-2020
SBI Small Cap Fund - Direct Plan - Growth,63.7933,19-10-2020
SBI Small Cap Fund - Direct Plan - Growth,63.2883,16-10-2020
SBI Small Cap Fund - Direct Plan - Growth,62.5586,15-10-2020
SBI Small Cap Fund - Direct Plan - Growth,63.4637,14-10-2020
SBI Small Cap Fund - Direct Plan - Growth,62.8658,13-10-2020
SBI Small Cap Fund - Direct Plan - Growth,62.7597,12-10-2020
SBI Small Cap Fund - Direct Plan - Growth,63.2906,09-10-2020
SBI Small Cap Fund - Direct Plan - Growth,63.4817,08-10-2020
SBI Small Cap Fund - Direct Plan - Growth,64.1025,07-10-2020
SBI Small Cap Fund - Direct Plan - Growth,64.2617,06-10-2020
SBI Small Cap Fund - Direct Plan - Growth,64.3535,05-10-2020
SBI Small Cap Fund - Direct Plan - Growth,64.1093,01-10-2020
SBI Small Cap Fund - Direct Plan - Growth,63.8023,30-09-2020
SBI Small Cap Fund - Direct Plan - Growth,63.6305,29-09-2020
SBI Small Cap Fund - Direct Plan - Growth,63.5663,28-09-2020
SBI Small Cap Fund - Direct Plan - Growth,62.4845,25-09-2020
SBI Small Cap Fund - Direct Plan - Growth,61.6467,24-09-2020
SBI Small Cap Fund - Direct Plan - Growth,62.7063,23-09-2020
SBI Small Cap Fund - Direct Plan - Growth,62.8153,22-09-2020
SBI Small Cap Fund - Direct Plan - Growth,63.9585,21-09-2020
SBI Small Cap Fund - Direct Plan - Growth,65.7147,18-09-2020
SBI Small Cap Fund - Direct Plan - Growth,66.2742,17-09-2020
SBI Small Cap Fund - Direct Plan - Growth,66.7009,16-09-2020
SBI Small Cap Fund - Direct Plan - Growth,66.5188,15-09-2020
SBI Small Cap Fund - Direct Plan - Growth,65.8331,14-09-2020
SBI Small Cap Fund - Direct Plan - Growth,62.9364,11-09-2020
SBI Small Cap Fund - Direct Plan - Growth,62.9838,10-09-2020
SBI Small Cap Fund - Direct Plan - Growth,61.9976,09-09-2020
SBI Small Cap Fund - Direct Plan - Growth,62.6925,08-09-2020
SBI Small Cap Fund - Direct Plan - Growth,63.1455,07-09-2020
SBI Small Cap Fund - Direct Plan - Growth,63.0449,04-09-2020
SBI Small Cap Fund - Direct Plan - Growth,63.6277,03-09-2020
SBI Small Cap Fund - Direct Plan - Growth,63.5433,02-09-2020
SBI Small Cap Fund - Direct Plan - Growth,62.3265,01-09-2020
SBI Small Cap Fund - Direct Plan - Growth,62.3588,31-08-2020
SBI Small Cap Fund - Direct Plan - Growth,65.0345,28-08-2020
SBI Small Cap Fund - Direct Plan - Growth,65.0304,27-08-2020
SBI Small Cap Fund - Direct Plan - Growth,64.6439,26-08-2020
SBI Small Cap Fund - Direct Plan - Growth,64.2012,25-08-2020
SBI Small Cap Fund - Direct Plan - Growth,64.2166,24-08-2020
SBI Small Cap Fund - Direct Plan - Growth,63.2056,21-08-2020
SBI Small Cap Fund - Direct Plan - Growth,62.3087,20-08-2020
SBI Small Cap Fund - Direct Plan - Growth,61.7767,19-08-2020
SBI Small Cap Fund - Direct Plan - Growth,61.5686,18-08-2020
SBI Small Cap Fund - Direct Plan - Growth,61.0084,17-08-2020
SBI Small Cap Fund - Direct Plan - Growth,60.8519,14-08-2020
SBI Small Cap Fund - Direct Plan - Growth,60.7092,13-08-2020
SBI Small Cap Fund - Direct Plan - Growth,59.2859,12-08-2020
SBI Small Cap Fund - Direct Plan - Growth,58.9922,11-08-2020
SBI Small Cap Fund - Direct Plan - Growth,58.7216,10-08-2020
SBI Small Cap Fund - Direct Plan - Growth,57.9724,07-08-2020
SBI Small Cap Fund - Direct Plan - Growth,57.6979,06-08-2020
SBI Small Cap Fund - Direct Plan - Growth,57.0065,05-08-2020
SBI Small Cap Fund - Direct Plan - Growth,56.5565,04-08-2020
SBI Small Cap Fund - Direct Plan - Growth,56.0147,03-08-2020
SBI Small Cap Fund - Direct Plan - Growth,55.3008,31-07-2020
SBI Small Cap Fund - Direct Plan - Growth,55.0194,30-07-2020
SBI Small Cap Fund - Direct Plan - Growth,55.1299,29-07-2020
SBI Small Cap Fund - Direct Plan - Growth,55.2362,28-07-2020
SBI Small Cap Fund - Direct Plan - Growth,55.5097,27-07-2020
SBI Small Cap Fund - Direct Plan - Growth,56.1087,24-07-2020
SBI Small Cap Fund - Direct Plan - Growth,55.9901,23-07-2020
SBI Small Cap Fund - Direct Plan - Growth,55.5652,22-07-2020
SBI Small Cap Fund - Direct Plan - Growth,55.4238,21-07-2020
SBI Small Cap Fund - Direct Plan - Growth,54.9045,20-07-2020
SBI Small Cap Fund - Direct Plan - Growth,54.546,17-07-2020
SBI Small Cap Fund - Direct Plan - Growth,54.2633,16-07-2020
SBI Small Cap Fund - Direct Plan - Growth,54.4579,15-07-2020
SBI Small Cap Fund - Direct Plan - Growth,54.2574,14-07-2020
SBI Small Cap Fund - Direct Plan - Growth,54.5398,13-07-2020
SBI Small Cap Fund - Direct Plan - Growth,54.9376,10-07-2020
SBI Small Cap Fund - Direct Plan - Growth,54.9956,09-07-2020
SBI Small Cap Fund - Direct Plan - Growth,54.5073,08-07-2020
SBI Small Cap Fund - Direct Plan - Growth,54.932,07-07-2020
SBI Small Cap Fund - Direct Plan - Growth,54.7915,06-07-2020
SBI Small Cap Fund - Direct Plan - Growth,53.9367,03-07-2020
SBI Small Cap Fund - Direct Plan - Growth,53.4633,02-07-2020
SBI Small Cap Fund - Direct Plan - Growth,53.0526,01-07-2020
SBI Small Cap Fund - Direct Plan - Growth,52.8219,30-06-2020
SBI Small Cap Fund - Direct Plan - Growth,52.9446,29-06-2020
SBI Small Cap Fund - Direct Plan - Growth,53.4577,26-06-2020
SBI Small Cap Fund - Direct Plan - Growth,53.1915,25-06-2020
SBI Small Cap Fund - Direct Plan - Growth,53.2495,24-06-2020
SBI Small Cap Fund - Direct Plan - Growth,53.6129,23-06-2020
SBI Small Cap Fund - Direct Plan - Growth,53.2647,22-06-2020
SBI Small Cap Fund - Direct Plan - Growth,52.3501,19-06-2020
SBI Small Cap Fund - Direct Plan - Growth,51.5685,18-06-2020
SBI Small Cap Fund - Direct Plan - Growth,50.9734,17-06-2020
SBI Small Cap Fund - Direct Plan - Growth,50.7675,16-06-2020
SBI Small Cap Fund - Direct Plan - Growth,51.0041,15-06-2020
SBI Small Cap Fund - Direct Plan - Growth,50.8648,12-06-2020
SBI Small Cap Fund - Direct Plan - Growth,50.6426,11-06-2020
SBI Small Cap Fund - Direct Plan - Growth,51.4119,10-06-2020
SBI Small Cap Fund - Direct Plan - Growth,51.1714,09-06-2020
SBI Small Cap Fund - Direct Plan - Growth,51.7451,08-06-2020
SBI Small Cap Fund - Direct Plan - Growth,51.3008,05-06-2020
SBI Small Cap Fund - Direct Plan - Growth,50.798,04-06-2020
SBI Small Cap Fund - Direct Plan - Growth,50.9722,03-06-2020
SBI Small Cap Fund - Direct Plan - Growth,50.232,02-06-2020
SBI Small Cap Fund - Direct Plan - Growth,49.3635,01-06-2020
SBI Small Cap Fund - Direct Plan - Growth,47.8748,29-05-2020
SBI Small Cap Fund - Direct Plan - Growth,47.1434,28-05-2020
SBI Small Cap Fund - Direct Plan - Growth,46.5354,27-05-2020
SBI Small Cap Fund - Direct Plan - Growth,46.4193,26-05-2020
SBI Small Cap Fund - Direct Plan - Growth,46.2132,22-05-2020
SBI Small Cap Fund - Direct Plan - Growth,46.5947,21-05-2020
SBI Small Cap Fund - Direct Plan - Growth,46.2563,20-05-2020
SBI Small Cap Fund - Direct Plan - Growth,45.725,19-05-2020
SBI Small Cap Fund - Direct Plan - Growth,45.8781,18-05-2020
SBI Small Cap Fund - Direct Plan - Growth,46.9331,15-05-2020
SBI Small Cap Fund - Direct Plan - Growth,46.8328,14-05-2020
SBI Small Cap Fund - Direct Plan - Growth,47.5349,13-05-2020
SBI Small Cap Fund - Direct Plan - Growth,46.6427,12-05-2020
SBI Small Cap Fund - Direct Plan - Growth,46.9345,11-05-2020
SBI Small Cap Fund - Direct Plan - Growth,47.0197,08-05-2020
SBI Small Cap Fund - Direct Plan - Growth,47.4015,07-05-2020
SBI Small Cap Fund - Direct Plan - Growth,47.5508,06-05-2020
SBI Small Cap Fund - Direct Plan - Growth,47.5152,05-05-2020
SBI Small Cap Fund - Direct Plan - Growth,48.0018,04-05-2020
SBI Small Cap Fund - Direct Plan - Growth,49.4021,30-04-2020
SBI Small Cap Fund - Direct Plan - Growth,48.915,29-04-2020
SBI Small Cap Fund - Direct Plan - Growth,48.4286,28-04-2020
SBI Small Cap Fund - Direct Plan - Growth,48.0846,27-04-2020
SBI Small Cap Fund - Direct Plan - Growth,47.8799,24-04-2020
SBI Small Cap Fund - Direct Plan - Growth,48.6464,23-04-2020
SBI Small Cap Fund - Direct Plan - Growth,48.307,22-04-2020
SBI Small Cap Fund - Direct Plan - Growth,47.7874,21-04-2020
SBI Small Cap Fund - Direct Plan - Growth,48.8951,20-04-2020
SBI Small Cap Fund - Direct Plan - Growth,47.9462,17-04-2020
SBI Small Cap Fund - Direct Plan - Growth,47.0044,16-04-2020
SBI Small Cap Fund - Direct Plan - Growth,46.6621,15-04-2020
SBI Small Cap Fund - Direct Plan - Growth,46.3737,13-04-2020
SBI Small Cap Fund - Direct Plan - Growth,46.7891,09-04-2020
SBI Small Cap Fund - Direct Plan - Growth,45.7678,08-04-2020
SBI Small Cap Fund - Direct Plan - Growth,45.121,07-04-2020
SBI Small Cap Fund - Direct Plan - Growth,43.6981,03-04-2020
SBI Small Cap Fund - Direct Plan - Growth,43.7773,01-04-2020
SBI Small Cap Fund - Direct Plan - Growth,44.2998,31-03-2020
SBI Small Cap Fund - Direct Plan - Growth,43.1613,30-03-2020
SBI Small Cap Fund - Direct Plan - Growth,44.2552,27-03-2020
SBI Small Cap Fund - Direct Plan - Growth,43.7048,26-03-2020
SBI Small Cap Fund - Direct Plan - Growth,42.2905,25-03-2020
SBI Small Cap Fund - Direct Plan - Growth,41.26,24-03-2020
SBI Small Cap Fund - Direct Plan - Growth,41.311,23-03-2020
SBI Small Cap Fund - Direct Plan - Growth,45.7468,20-03-2020
SBI Small Cap Fund - Direct Plan - Growth,45.2642,19-03-2020
SBI Small Cap Fund - Direct Plan - Growth,47.0783,18-03-2020
SBI Small Cap Fund - Direct Plan - Growth,49.9371,17-03-2020
SBI Small Cap Fund - Direct Plan - Growth,50.8999,16-03-2020
SBI Small Cap Fund - Direct Plan - Growth,53.1576,13-03-2020
SBI Small Cap Fund - Direct Plan - Growth,53.1617,12-03-2020
SBI Small Cap Fund - Direct Plan - Growth,56.6672,11-03-2020
SBI Small Cap Fund - Direct Plan - Growth,56.7701,09-03-2020
SBI Small Cap Fund - Direct Plan - Growth,58.5236,06-03-2020
SBI Small Cap Fund - Direct Plan - Growth,59.2727,05-03-2020
SBI Small Cap Fund - Direct Plan - Growth,58.8308,04-03-2020
SBI Small Cap Fund - Direct Plan - Growth,59.7023,03-03-2020
SBI Small Cap Fund - Direct Plan - Growth,59.4357,02-03-2020
SBI Small Cap Fund - Direct Plan - Growth,59.45,28-02-2020
SBI Small Cap Fund - Direct Plan - Growth,61.0899,27-02-2020
SBI Small Cap Fund - Direct Plan - Growth,61.1649,26-02-2020
SBI Small Cap Fund - Direct Plan - Growth,61.6015,25-02-2020
SBI Small Cap Fund - Direct Plan - Growth,61.7942,24-02-2020
SBI Small Cap Fund - Direct Plan - Growth,62.3727,20-02-2020
SBI Small Cap Fund - Direct Plan - Growth,62.26,19-02-2020
SBI Small Cap Fund - Direct Plan - Growth,61.5595,18-02-2020
SBI Small Cap Fund - Direct Plan - Growth,62.0469,17-02-2020
SBI Small Cap Fund - Direct Plan - Growth,62.2419,14-02-2020
SBI Small Cap Fund - Direct Plan - Growth,62.2181,13-02-2020
SBI Small Cap Fund - Direct Plan - Growth,62.2058,12-02-2020
SBI Small Cap Fund - Direct Plan - Growth,62.1921,11-02-2020
SBI Small Cap Fund - Direct Plan - Growth,61.9086,10-02-2020
SBI Small Cap Fund - Direct Plan - Growth,62.3167,07-02-2020
SBI Small Cap Fund - Direct Plan - Growth,62.089,06-02-2020
SBI Small Cap Fund - Direct Plan - Growth,62.0606,05-02-2020
SBI Small Cap Fund - Direct Plan - Growth,61.7883,04-02-2020
SBI Small Cap Fund - Direct Plan - Growth,60.8872,03-02-2020
SBI Small Cap Fund - Direct Plan - Growth,61.7543,31-01-2020
SBI Small Cap Fund - Direct Plan - Growth,61.8134,30-01-2020
SBI Small Cap Fund - Direct Plan - Growth,62.1324,29-01-2020
SBI Small Cap Fund - Direct Plan - Growth,62.0886,28-01-2020
SBI Small Cap Fund - Direct Plan - Growth,61.9656,27-01-2020
SBI Small Cap Fund - Direct Plan - Growth,61.8393,24-01-2020
SBI Small Cap Fund - Direct Plan - Growth,61.1488,23-01-2020
SBI Small Cap Fund - Direct Plan - Growth,60.8469,22-01-2020
SBI Small Cap Fund - Direct Plan - Growth,60.7275,21-01-2020
SBI Small Cap Fund - Direct Plan - Growth,60.9709,20-01-2020
SBI Small Cap Fund - Direct Plan - Growth,60.8952,17-01-2020
SBI Small Cap Fund - Direct Plan - Growth,60.2189,16-01-2020
SBI Small Cap Fund - Direct Plan - Growth,59.6795,15-01-2020
SBI Small Cap Fund - Direct Plan - Growth,59.2895,14-01-2020
SBI Small Cap Fund - Direct Plan - Growth,59.1726,13-01-2020
SBI Small Cap Fund - Direct Plan - Growth,58.9076,10-01-2020
SBI Small Cap Fund - Direct Plan - Growth,58.6407,09-01-2020
SBI Small Cap Fund - Direct Plan - Growth,57.9868,08-01-2020
SBI Small Cap Fund - Direct Plan - Growth,58.2107,07-01-2020
SBI Small Cap Fund - Direct Plan - Growth,57.7329,06-01-2020
SBI Small Cap Fund - Direct Plan - Growth,58.6872,03-01-2020
SBI Small Cap Fund - Direct Plan - Growth,58.3988,02-01-2020
SBI Small Cap Fund - Direct Plan - Growth,57.886,01-01-2020
SBI Small Cap Fund - Direct Plan - Growth,57.8093,31-12-2019
SBI Small Cap Fund - Direct Plan - Growth,57.7981,30-12-2019
SBI Small Cap Fund - Direct Plan - Growth,57.7682,27-12-2019
SBI Small Cap Fund - Direct Plan - Growth,57.4846,26-12-2019
SBI Small Cap Fund - Direct Plan - Growth,57.4196,24-12-2019
SBI Small Cap Fund - Direct Plan - Growth,57.5756,23-12-2019
SBI Small Cap Fund - Direct Plan - Growth,57.6649,20-12-2019
SBI Small Cap Fund - Direct Plan - Growth,57.3051,19-12-2019
SBI Small Cap Fund - Direct Plan - Growth,57.1274,18-12-2019
SBI Small Cap Fund - Direct Plan - Growth,57.3155,17-12-2019
SBI Small Cap Fund - Direct Plan - Growth,56.9909,16-12-2019
SBI Small Cap Fund - Direct Plan - Growth,57.2957,13-12-2019
SBI Small Cap Fund - Direct Plan - Growth,56.7141,12-12-2019
SBI Small Cap Fund - Direct Plan - Growth,56.6208,11-12-2019
SBI Small Cap Fund - Direct Plan - Growth,56.8176,10-12-2019
SBI Small Cap Fund - Direct Plan - Growth,57.3044,09-12-2019
SBI Small Cap Fund - Direct Plan - Growth,57.6323,06-12-2019
SBI Small Cap Fund - Direct Plan - Growth,58.2459,05-12-2019
SBI Small Cap Fund - Direct Plan - Growth,58.3397,04-12-2019
SBI Small Cap Fund - Direct Plan - Growth,57.9542,03-12-2019
SBI Small Cap Fund - Direct Plan - Growth,58.0533,02-12-2019
SBI Small Cap Fund - Direct Plan - Growth,57.9839,29-11-2019
SBI Small Cap Fund - Direct Plan - Growth,57.7441,28-11-2019
SBI Small Cap Fund - Direct Plan - Growth,57.825,27-11-2019
SBI Small Cap Fund - Direct Plan - Growth,57.9258,26-11-2019
SBI Small Cap Fund - Direct Plan - Growth,58.2373,25-11-2019
SBI Small Cap Fund - Direct Plan - Growth,58.0555,22-11-2019
SBI Small Cap Fund - Direct Plan - Growth,58.0232,21-11-2019
SBI Small Cap Fund - Direct Plan - Growth,57.8357,20-11-2019
SBI Small Cap Fund - Direct Plan - Growth,57.8266,19-11-2019
SBI Small Cap Fund - Direct Plan - Growth,57.7894,18-11-2019
SBI Small Cap Fund - Direct Plan - Growth,57.71,15-11-2019
SBI Small Cap Fund - Direct Plan - Growth,57.8273,14-11-2019
SBI Small Cap Fund - Direct Plan - Growth,57.9023,13-11-2019
SBI Small Cap Fund - Direct Plan - Growth,57.692,11-11-2019
SBI Small Cap Fund - Direct Plan - Growth,57.4537,08-11-2019
SBI Small Cap Fund - Direct Plan - Growth,57.9074,07-11-2019
SBI Small Cap Fund - Direct Plan - Growth,57.7536,06-11-2019
SBI Small Cap Fund - Direct Plan - Growth,58.0708,05-11-2019
SBI Small Cap Fund - Direct Plan - Growth,58.5157,04-11-2019
SBI Small Cap Fund - Direct Plan - Growth,57.9809,01-11-2019
SBI Small Cap Fund - Direct Plan - Growth,57.6615,31-10-2019
SBI Small Cap Fund - Direct Plan - Growth,57.1831,30-10-2019
SBI Small Cap Fund - Direct Plan - Growth,57.0785,29-10-2019
SBI Small Cap Fund - Direct Plan - Growth,56.3768,25-10-2019
SBI Small Cap Fund - Direct Plan - Growth,56.4878,24-10-2019
SBI Small Cap Fund - Direct Plan - Growth,56.394,23-10-2019
SBI Small Cap Fund - Direct Plan - Growth,56.3394,22-10-2019
SBI Small Cap Fund - Direct Plan - Growth,56.3596,18-10-2019
SBI Small Cap Fund - Direct Plan - Growth,55.2661,17-10-2019
SBI Small Cap Fund - Direct Plan - Growth,54.9299,16-10-2019
SBI Small Cap Fund - Direct Plan - Growth,55.0504,15-10-2019
SBI Small Cap Fund - Direct Plan - Growth,54.9658,14-10-2019
SBI Small Cap Fund - Direct Plan - Growth,54.8222,11-10-2019
SBI Small Cap Fund - Direct Plan - Growth,54.7665,10-10-2019
SBI Small Cap Fund - Direct Plan - Growth,55.0566,09-10-2019
SBI Small Cap Fund - Direct Plan - Growth,54.8053,07-10-2019
SBI Small Cap Fund - Direct Plan - Growth,54.9464,04-10-2019
SBI Small Cap Fund - Direct Plan - Growth,55.399,03-10-2019
SBI Small Cap Fund - Direct Plan - Growth,55.6556,01-10-2019
SBI Small Cap Fund - Direct Plan - Growth,56.147,30-09-2019
SBI Small Cap Fund - Direct Plan - Growth,56.3843,27-09-2019
SBI Small Cap Fund - Direct Plan - Growth,56.3859,26-09-2019
SBI Small Cap Fund - Direct Plan - Growth,55.9413,25-09-2019
SBI Small Cap Fund - Direct Plan - Growth,56.4498,24-09-2019
SBI Small Cap Fund - Direct Plan - Growth,56.3502,23-09-2019
SBI Small Cap Fund - Direct Plan - Growth,54.447,20-09-2019
SBI Small Cap Fund - Direct Plan - Growth,52.7845,19-09-2019
SBI Small Cap Fund - Direct Plan - Growth,53.1334,18-09-2019
SBI Small Cap Fund - Direct Plan - Growth,53.1853,17-09-2019
SBI Small Cap Fund - Direct Plan - Growth,53.814,16-09-2019
SBI Small Cap Fund - Direct Plan - Growth,53.6012,13-09-2019
SBI Small Cap Fund - Direct Plan - Growth,53.6476,12-09-2019
SBI Small Cap Fund - Direct Plan - Growth,53.7478,11-09-2019
SBI Small Cap Fund - Direct Plan - Growth,52.9366,09-09-2019
SBI Small Cap Fund - Direct Plan - Growth,52.6455,06-09-2019
SBI Small Cap Fund - Direct Plan - Growth,52.2783,05-09-2019
SBI Small Cap Fund - Direct Plan - Growth,52.1216,04-09-2019
SBI Small Cap Fund - Direct Plan - Growth,51.9742,03-09-2019
SBI Small Cap Fund - Direct Plan - Growth,52.3752,30-08-2019
SBI Small Cap Fund - Direct Plan - Growth,52.0987,29-08-2019
SBI Small Cap Fund - Direct Plan - Growth,52.4938,28-08-2019
SBI Small Cap Fund - Direct Plan - Growth,52.5731,27-08-2019
SBI Small Cap Fund - Direct Plan - Growth,52.0341,26-08-2019
SBI Small Cap Fund - Direct Plan - Growth,51.3091,23-08-2019
SBI Small Cap Fund - Direct Plan - Growth,51.038,22-08-2019
SBI Small Cap Fund - Direct Plan - Growth,51.522,21-08-2019
SBI Small Cap Fund - Direct Plan - Growth,51.9247,20-08-2019
SBI Small Cap Fund - Direct Plan - Growth,51.9983,19-08-2019
SBI Small Cap Fund - Direct Plan - Growth,52.0211,16-08-2019
SBI Small Cap Fund - Direct Plan - Growth,51.7299,14-08-2019
SBI Small Cap Fund - Direct Plan - Growth,51.0979,13-08-2019
SBI Small Cap Fund - Direct Plan - Growth,51.6177,09-08-2019
SBI Small Cap Fund - Direct Plan - Growth,51.2595,08-08-2019
SBI Small Cap Fund - Direct Plan - Growth,51.1681,07-08-2019
SBI Small Cap Fund - Direct Plan - Growth,51.0319,06-08-2019
SBI Small Cap Fund - Direct Plan - Growth,50.5861,05-08-2019
SBI Small Cap Fund - Direct Plan - Growth,51.0349,02-08-2019
SBI Small Cap Fund - Direct Plan - Growth,51.3082,01-08-2019
SBI Small Cap Fund - Direct Plan - Growth,51.9017,31-07-2019
SBI Small Cap Fund - Direct Plan - Growth,51.466,30-07-2019
SBI Small Cap Fund - Direct Plan - Growth,52.1616,29-07-2019
SBI Small Cap Fund - Direct Plan - Growth,52.5686,26-07-2019
SBI Small Cap Fund - Direct Plan - Growth,52.5207,25-07-2019
SBI Small Cap Fund - Direct Plan - Growth,52.7374,24-07-2019
SBI Small Cap Fund - Direct Plan - Growth,53.155,23-07-2019
SBI Small Cap Fund - Direct Plan - Growth,53.024,22-07-2019
SBI Small Cap Fund - Direct Plan - Growth,53.4029,19-07-2019
SBI Small Cap Fund - Direct Plan - Growth,54.0147,18-07-2019
SBI Small Cap Fund - Direct Plan - Growth,54.319,17-07-2019
SBI Small Cap Fund - Direct Plan - Growth,54.0856,16-07-2019
SBI Small Cap Fund - Direct Plan - Growth,54.1461,15-07-2019
SBI Small Cap Fund - Direct Plan - Growth,54.2785,12-07-2019
SBI Small Cap Fund - Direct Plan - Growth,54.0984,11-07-2019
SBI Small Cap Fund - Direct Plan - Growth,53.8443,10-07-2019
SBI Small Cap Fund - Direct Plan - Growth,54.0836,09-07-2019
SBI Small Cap Fund - Direct Plan - Growth,54.1644,08-07-2019
SBI Small Cap Fund - Direct Plan - Growth,54.8561,05-07-2019
SBI Small Cap Fund - Direct Plan - Growth,55.4699,04-07-2019
SBI Small Cap Fund - Direct Plan - Growth,55.3738,03-07-2019
SBI Small Cap Fund - Direct Plan - Growth,55.456,02-07-2019
SBI Small Cap Fund - Direct Plan - Growth,55.3031,01-07-2019
SBI Small Cap Fund - Direct Plan - Growth,55.224,28-06-2019
SBI Small Cap Fund - Direct Plan - Growth,55.097,27-06-2019
SBI Small Cap Fund - Direct Plan - Growth,54.9657,26-06-2019
SBI Small Cap Fund - Direct Plan - Growth,54.4957,25-06-2019
SBI Small Cap Fund - Direct Plan - Growth,54.1894,24-06-2019
SBI Small Cap Fund - Direct Plan - Growth,54.4826,21-06-2019
SBI Small Cap Fund - Direct Plan - Growth,54.4507,20-06-2019
SBI Small Cap Fund - Direct Plan - Growth,54.0946,19-06-2019
SBI Small Cap Fund - Direct Plan - Growth,54.3588,18-06-2019
SBI Small Cap Fund - Direct Plan - Growth,54.651,17-06-2019
SBI Small Cap Fund - Direct Plan - Growth,55.2265,14-06-2019
SBI Small Cap Fund - Direct Plan - Growth,55.3583,13-06-2019
SBI Small Cap Fund - Direct Plan - Growth,55.6663,12-06-2019
SBI Small Cap Fund - Direct Plan - Growth,55.677,11-06-2019
SBI Small Cap Fund - Direct Plan - Growth,55.7431,10-06-2019
SBI Small Cap Fund - Direct Plan - Growth,56.094,07-06-2019
SBI Small Cap Fund - Direct Plan - Growth,56.1253,06-06-2019
SBI Small Cap Fund - Direct Plan - Growth,56.7067,04-06-2019
SBI Small Cap Fund - Direct Plan - Growth,56.7417,03-06-2019
SBI Small Cap Fund - Direct Plan - Growth,56.4804,31-05-2019
SBI Small Cap Fund - Direct Plan - Growth,56.1882,30-05-2019
SBI Small Cap Fund - Direct Plan - Growth,56.3573,29-05-2019
SBI Small Cap Fund - Direct Plan - Growth,56.5415,28-05-2019
SBI Small Cap Fund - Direct Plan - Growth,55.9036,27-05-2019
SBI Small Cap Fund - Direct Plan - Growth,54.9948,24-05-2019
SBI Small Cap Fund - Direct Plan - Growth,53.9873,23-05-2019
SBI Small Cap Fund - Direct Plan - Growth,54.0958,22-05-2019
SBI Small Cap Fund - Direct Plan - Growth,54.0838,21-05-2019
SBI Small Cap Fund - Direct Plan - Growth,54.4867,20-05-2019
SBI Small Cap Fund - Direct Plan - Growth,53.073,17-05-2019
SBI Small Cap Fund - Direct Plan - Growth,52.9338,16-05-2019
SBI Small Cap Fund - Direct Plan - Growth,53.0303,15-05-2019
SBI Small Cap Fund - Direct Plan - Growth,53.1004,14-05-2019
SBI Small Cap Fund - Direct Plan - Growth,52.8389,13-05-2019
SBI Small Cap Fund - Direct Plan - Growth,53.706,10-05-2019
SBI Small Cap Fund - Direct Plan - Growth,53.7084,09-05-2019
SBI Small Cap Fund - Direct Plan - Growth,53.8583,08-05-2019
SBI Small Cap Fund - Direct Plan - Growth,54.3424,07-05-2019
SBI Small Cap Fund - Direct Plan - Growth,54.4976,06-05-2019
SBI Small Cap Fund - Direct Plan - Growth,54.897,03-05-2019
SBI Small Cap Fund - Direct Plan - Growth,55.0024,02-05-2019
SBI Small Cap Fund - Direct Plan - Growth,55.083,30-04-2019
SBI Small Cap Fund - Direct Plan - Growth,55.3187,26-04-2019
SBI Small Cap Fund - Direct Plan - Growth,55.3592,25-04-2019
SBI Small Cap Fund - Direct Plan - Growth,55.2723,24-04-2019
SBI Small Cap Fund - Direct Plan - Growth,55.0555,23-04-2019
SBI Small Cap Fund - Direct Plan - Growth,54.9458,22-04-2019
SBI Small Cap Fund - Direct Plan - Growth,55.7232,18-04-2019
SBI Small Cap Fund - Direct Plan - Growth,56.1267,16-04-2019
SBI Small Cap Fund - Direct Plan - Growth,56.1536,15-04-2019
SBI Small Cap Fund - Direct Plan - Growth,55.9226,12-04-2019
SBI Small Cap Fund - Direct Plan - Growth,55.7987,11-04-2019
SBI Small Cap Fund - Direct Plan - Growth,55.6388,10-04-2019
SBI Small Cap Fund - Direct Plan - Growth,55.6612,09-04-2019
SBI Small Cap Fund - Direct Plan - Growth,55.8828,08-04-2019
SBI Small Cap Fund - Direct Plan - Growth,56.0191,05-04-2019
SBI Small Cap Fund - Direct Plan - Growth,55.6447,04-04-2019
SBI Small Cap Fund - Direct Plan - Growth,55.6601,03-04-2019
SBI Small Cap Fund - Direct Plan - Growth,56.0011,02-04-2019
SBI Small Cap Fund - Direct Plan - Growth,56.1772,01-04-2019
SBI Small Cap Fund - Direct Plan - Growth,55.663,29-03-2019
SBI Small Cap Fund - Direct Plan - Growth,54.7581,28-03-2019
SBI Small Cap Fund - Direct Plan - Growth,54.46,27-03-2019
SBI Small Cap Fund - Direct Plan - Growth,54.4065,26-03-2019
SBI Small Cap Fund - Direct Plan - Growth,54.0256,25-03-2019
SBI Small Cap Fund - Direct Plan - Growth,54.6498,22-03-2019
SBI Small Cap Fund - Direct Plan - Growth,54.7637,20-03-2019
SBI Small Cap Fund - Direct Plan - Growth,55.1238,19-03-2019
SBI Small Cap Fund - Direct Plan - Growth,54.8356,18-03-2019
SBI Small Cap Fund - Direct Plan - Growth,54.8323,15-03-2019
SBI Small Cap Fund - Direct Plan - Growth,55.0181,14-03-2019
SBI Small Cap Fund - Direct Plan - Growth,55.1959,13-03-2019
SBI Small Cap Fund - Direct Plan - Growth,55.2773,12-03-2019
SBI Small Cap Fund - Direct Plan - Growth,54.7406,11-03-2019
SBI Small Cap Fund - Direct Plan - Growth,53.9401,08-03-2019
SBI Small Cap Fund - Direct Plan - Growth,53.7052,07-03-2019
SBI Small Cap Fund - Direct Plan - Growth,53.2436,06-03-2019
SBI Small Cap Fund - Direct Plan - Growth,52.7007,05-03-2019
SBI Small Cap Fund - Direct Plan - Growth,51.4418,01-03-2019
SBI Small Cap Fund - Direct Plan - Growth,50.7717,28-02-2019
SBI Small Cap Fund - Direct Plan - Growth,50.6695,27-02-2019
SBI Small Cap Fund - Direct Plan - Growth,50.9392,26-02-2019
SBI Small Cap Fund - Direct Plan - Growth,51.1544,25-02-2019
SBI Small Cap Fund - Direct Plan - Growth,51.1164,22-02-2019
SBI Small Cap Fund - Direct Plan - Growth,50.8863,21-02-2019
SBI Small Cap Fund - Direct Plan - Growth,50.5134,20-02-2019
SBI Small Cap Fund - Direct Plan - Growth,50.1932,19-02-2019
SBI Small Cap Fund - Direct Plan - Growth,49.7231,18-02-2019
SBI Small Cap Fund - Direct Plan - Growth,49.8363,15-02-2019
SBI Small Cap Fund - Direct Plan - Growth,50.0246,14-02-2019
SBI Small Cap Fund - Direct Plan - Growth,49.9159,13-02-2019
SBI Small Cap Fund - Direct Plan - Growth,49.9865,12-02-2019
SBI Small Cap Fund - Direct Plan - Growth,50.1417,11-02-2019
SBI Small Cap Fund - Direct Plan - Growth,50.5532,08-02-2019
SBI Small Cap Fund - Direct Plan - Growth,50.8924,07-02-2019
SBI Small Cap Fund - Direct Plan - Growth,50.5395,06-02-2019
SBI Small Cap Fund - Direct Plan - Growth,50.7151,05-02-2019
SBI Small Cap Fund - Direct Plan - Growth,51.0358,04-02-2019
SBI Small Cap Fund - Direct Plan - Growth,51.2972,01-02-2019
SBI Small Cap Fund - Direct Plan - Growth,51.3507,31-01-2019
SBI Small Cap Fund - Direct Plan - Growth,51.0055,30-01-2019
SBI Small Cap Fund - Direct Plan - Growth,51.0547,29-01-2019
SBI Small Cap Fund - Direct Plan - Growth,51.0862,28-01-2019
SBI Small Cap Fund - Direct Plan - Growth,51.8002,25-01-2019
SBI Small Cap Fund - Direct Plan - Growth,52.2905,24-01-2019
SBI Small Cap Fund - Direct Plan - Growth,52.2713,23-01-2019
SBI Small Cap Fund - Direct Plan - Growth,52.5351,22-01-2019
SBI Small Cap Fund - Direct Plan - Growth,52.858,21-01-2019
SBI Small Cap Fund - Direct Plan - Growth,53.071,18-01-2019
SBI Small Cap Fund - Direct Plan - Growth,53.1674,17-01-2019
SBI Small Cap Fund - Direct Plan - Growth,53.2055,16-01-2019
SBI Small Cap Fund - Direct Plan - Growth,53.2756,15-01-2019
SBI Small Cap Fund - Direct Plan - Growth,53.1547,14-01-2019
SBI Small Cap Fund - Direct Plan - Growth,53.1862,11-01-2019
SBI Small Cap Fund - Direct Plan - Growth,53.2423,10-01-2019
SBI Small Cap Fund - Direct Plan - Growth,53.2998,09-01-2019
SBI Small Cap Fund - Direct Plan - Growth,53.2516,08-01-2019
SBI Small Cap Fund - Direct Plan - Growth,53.4187,07-01-2019
SBI Small Cap Fund - Direct Plan - Growth,53.3289,04-01-2019
SBI Small Cap Fund - Direct Plan - Growth,53.5067,03-01-2019
SBI Small Cap Fund - Direct Plan - Growth,53.7148,02-01-2019
SBI Small Cap Fund - Direct Plan - Growth,53.818,01-01-2019
SBI Small Cap Fund - Direct Plan - Growth,53.8265,31-12-2018
SBI Small Cap Fund - Direct Plan - Growth,53.5178,28-12-2018
SBI Small Cap Fund - Direct Plan - Growth,53.0365,27-12-2018
SBI Small Cap Fund - Direct Plan - Growth,52.817,26-12-2018
SBI Small Cap Fund - Direct Plan - Growth,52.8045,24-12-2018
SBI Small Cap Fund - Direct Plan - Growth,53.5026,21-12-2018
SBI Small Cap Fund - Direct Plan - Growth,54.1591,20-12-2018
SBI Small Cap Fund - Direct Plan - Growth,54.0589,19-12-2018
SBI Small Cap Fund - Direct Plan - Growth,53.4937,18-12-2018
SBI Small Cap Fund - Direct Plan - Growth,53.2949,17-12-2018
SBI Small Cap Fund - Direct Plan - Growth,53.0898,14-12-2018
SBI Small Cap Fund - Direct Plan - Growth,53.0474,13-12-2018
SBI Small Cap Fund - Direct Plan - Growth,52.6722,12-12-2018
SBI Small Cap Fund - Direct Plan - Growth,51.6933,11-12-2018
SBI Small Cap Fund - Direct Plan - Growth,51.301,10-12-2018
SBI Small Cap Fund - Direct Plan - Growth,52.0078,07-12-2018
SBI Small Cap Fund - Direct Plan - Growth,51.9051,06-12-2018
SBI Small Cap Fund - Direct Plan - Growth,52.5267,05-12-2018
SBI Small Cap Fund - Direct Plan - Growth,52.9458,04-12-2018
SBI Small Cap Fund - Direct Plan - Growth,52.7747,03-12-2018
SBI Small Cap Fund - Direct Plan - Growth,52.7422,30-11-2018
SBI Small Cap Fund - Direct Plan - Growth,52.4969,29-11-2018
SBI Small Cap Fund - Direct Plan - Growth,52.4448,28-11-2018
SBI Small Cap Fund - Direct Plan - Growth,52.3787,27-11-2018
SBI Small Cap Fund - Direct Plan - Growth,52.3692,26-11-2018
SBI Small Cap Fund - Direct Plan - Growth,52.5867,22-11-2018
SBI Small Cap Fund - Direct Plan - Growth,52.6805,21-11-2018
SBI Small Cap Fund - Direct Plan - Growth,52.7118,20-11-2018
SBI Small Cap Fund - Direct Plan - Growth,53.029,19-11-2018
SBI Small Cap Fund - Direct Plan - Growth,52.5647,16-11-2018
SBI Small Cap Fund - Direct Plan - Growth,52.6406,15-11-2018
SBI Small Cap Fund - Direct Plan - Growth,52.847,14-11-2018
SBI Small Cap Fund - Direct Plan - Growth,52.6014,13-11-2018
SBI Small Cap Fund - Direct Plan - Growth,52.6627,12-11-2018
SBI Small Cap Fund - Direct Plan - Growth,53.0344,09-11-2018
SBI Small Cap Fund - Direct Plan - Growth,52.3747,06-11-2018
SBI Small Cap Fund - Direct Plan - Growth,52.4327,05-11-2018
SBI Small Cap Fund - Direct Plan - Growth,52.5668,02-11-2018
SBI Small Cap Fund - Direct Plan - Growth,52.0587,01-11-2018
SBI Small Cap Fund - Direct Plan - Growth,51.8851,31-10-2018
SBI Small Cap Fund - Direct Plan - Growth,51.4475,30-10-2018
SBI Small Cap Fund - Direct Plan - Growth,50.9297,29-10-2018
SBI Small Cap Fund - Direct Plan - Growth,50.3325,26-10-2018
SBI Small Cap Fund - Direct Plan - Growth,50.251,25-10-2018
SBI Small Cap Fund - Direct Plan - Growth,50.3952,24-10-2018
SBI Small Cap Fund - Direct Plan - Growth,50.1667,23-10-2018
SBI Small Cap Fund - Direct Plan - Growth,50.7772,22-10-2018
SBI Small Cap Fund - Direct Plan - Growth,51.425,19-10-2018
SBI Small Cap Fund - Direct Plan - Growth,51.9801,17-10-2018
SBI Small Cap Fund - Direct Plan - Growth,52.7174,16-10-2018
SBI Small Cap Fund - Direct Plan - Growth,52.1697,15-10-2018
SBI Small Cap Fund - Direct Plan - Growth,51.7944,12-10-2018
SBI Small Cap Fund - Direct Plan - Growth,51.0028,11-10-2018
SBI Small Cap Fund - Direct Plan - Growth,51.6901,10-10-2018
SBI Small Cap Fund - Direct Plan - Growth,49.9984,09-10-2018
SBI Small Cap Fund - Direct Plan - Growth,50.3191,08-10-2018
SBI Small Cap Fund - Direct Plan - Growth,51.0967,05-10-2018
SBI Small Cap Fund - Direct Plan - Growth,51.9575,04-10-2018
SBI Small Cap Fund - Direct Plan - Growth,52.9192,03-10-2018
SBI Small Cap Fund - Direct Plan - Growth,52.883,01-10-2018
SBI Small Cap Fund - Direct Plan - Growth,53.3171,28-09-2018
SBI Small Cap Fund - Direct Plan - Growth,54.4466,27-09-2018
SBI Small Cap Fund - Direct Plan - Growth,55.1202,26-09-2018
SBI Small Cap Fund - Direct Plan - Growth,54.8274,25-09-2018
SBI Small Cap Fund - Direct Plan - Growth,55.2821,24-09-2018
SBI Small Cap Fund - Direct Plan - Growth,56.4467,21-09-2018
SBI Small Cap Fund - Direct Plan - Growth,57.5821,19-09-2018
SBI Small Cap Fund - Direct Plan - Growth,58.0036,18-09-2018
SBI Small Cap Fund - Direct Plan - Growth,58.5504,17-09-2018
SBI Small Cap Fund - Direct Plan - Growth,58.7983,14-09-2018
SBI Small Cap Fund - Direct Plan - Growth,58.2059,12-09-2018
SBI Small Cap Fund - Direct Plan - Growth,58.317,11-09-2018
SBI Small Cap Fund - Direct Plan - Growth,58.943,10-09-2018
SBI Small Cap Fund - Direct Plan - Growth,59.3814,07-09-2018
SBI Small Cap Fund - Direct Plan - Growth,59.2383,06-09-2018
SBI Small Cap Fund - Direct Plan - Growth,58.6949,05-09-2018
SBI Small Cap Fund - Direct Plan - Growth,58.889,04-09-2018
SBI Small Cap Fund - Direct Plan - Growth,59.8974,03-09-2018
SBI Small Cap Fund - Direct Plan - Growth,60.1287,31-08-2018
SBI Small Cap Fund - Direct Plan - Growth,59.5719,30-08-2018
SBI Small Cap Fund - Direct Plan - Growth,59.4907,29-08-2018
SBI Small Cap Fund - Direct Plan - Growth,59.5545,28-08-2018
SBI Small Cap Fund - Direct Plan - Growth,59.3442,27-08-2018
SBI Small Cap Fund - Direct Plan - Growth,58.8617,24-08-2018
SBI Small Cap Fund - Direct Plan - Growth,59.031,23-08-2018
SBI Small Cap Fund - Direct Plan - Growth,58.8857,21-08-2018
SBI Small Cap Fund - Direct Plan - Growth,58.7597,20-08-2018
SBI Small Cap Fund - Direct Plan - Growth,58.7555,17-08-2018
SBI Small Cap Fund - Direct Plan - Growth,58.388,16-08-2018
SBI Small Cap Fund - Direct Plan - Growth,58.0781,14-08-2018
SBI Small Cap Fund - Direct Plan - Growth,58.2451,13-08-2018
SBI Small Cap Fund - Direct Plan - Growth,58.6551,10-08-2018
SBI Small Cap Fund - Direct Plan - Growth,58.7543,09-08-2018
SBI Small Cap Fund - Direct Plan - Growth,59.0029,08-08-2018
SBI Small Cap Fund - Direct Plan - Growth,58.9834,07-08-2018
SBI Small Cap Fund - Direct Plan - Growth,58.7914,06-08-2018
SBI Small Cap Fund - Direct Plan - Growth,57.7594,03-08-2018
SBI Small Cap Fund - Direct Plan - Growth,57.2162,02-08-2018
SBI Small Cap Fund - Direct Plan - Growth,57.0216,01-08-2018
SBI Small Cap Fund - Direct Plan - Growth,56.6181,31-07-2018
SBI Small Cap Fund - Direct Plan - Growth,56.2737,30-07-2018
SBI Small Cap Fund - Direct Plan - Growth,55.8532,27-07-2018
SBI Small Cap Fund - Direct Plan - Growth,54.6171,26-07-2018
SBI Small Cap Fund - Direct Plan - Growth,54.3981,25-07-2018
SBI Small Cap Fund - Direct Plan - Growth,54.2935,24-07-2018
SBI Small Cap Fund - Direct Plan - Growth,53.4957,23-07-2018
SBI Small Cap Fund - Direct Plan - Growth,53.1279,20-07-2018
SBI Small Cap Fund - Direct Plan - Growth,53.0648,19-07-2018
SBI Small Cap Fund - Direct Plan - Growth,53.3584,18-07-2018
SBI Small Cap Fund - Direct Plan - Growth,53.9208,17-07-2018
SBI Small Cap Fund - Direct Plan - Growth,53.8182,16-07-2018
SBI Small Cap Fund - Direct Plan - Growth,54.7351,13-07-2018
SBI Small Cap Fund - Direct Plan - Growth,54.9257,12-07-2018
SBI Small Cap Fund - Direct Plan - Growth,55.0134,11-07-2018
SBI Small Cap Fund - Direct Plan - Growth,54.9768,10-07-2018
SBI Small Cap Fund - Direct Plan - Growth,54.8668,09-07-2018
SBI Small Cap Fund - Direct Plan - Growth,54.1996,06-07-2018
SBI Small Cap Fund - Direct Plan - Growth,53.9747,05-07-2018
SBI Small Cap Fund - Direct Plan - Growth,54.162,04-07-2018
SBI Small Cap Fund - Direct Plan - Growth,53.973,03-07-2018
SBI Small Cap Fund - Direct Plan - Growth,53.9029,02-07-2018
SBI Small Cap Fund - Direct Plan - Growth,54.0638,29-06-2018
SBI Small Cap Fund - Direct Plan - Growth,53.2372,28-06-2018
SBI Small Cap Fund - Direct Plan - Growth,53.7015,27-06-2018
SBI Small Cap Fund - Direct Plan - Growth,54.6316,26-06-2018
SBI Small Cap Fund - Direct Plan - Growth,55.0055,25-06-2018
SBI Small Cap Fund - Direct Plan - Growth,55.5548,22-06-2018
SBI Small Cap Fund - Direct Plan - Growth,55.5814,21-06-2018
SBI Small Cap Fund - Direct Plan - Growth,55.9644,20-06-2018
SBI Small Cap Fund - Direct Plan - Growth,56.0586,19-06-2018
SBI Small Cap Fund - Direct Plan - Growth,56.868,18-06-2018
SBI Small Cap Fund - Direct Plan - Growth,57.0672,15-06-2018
SBI Small Cap Fund - Direct Plan - Growth,57.4387,14-06-2018
SBI Small Cap Fund - Direct Plan - Growth,57.2522,13-06-2018
SBI Small Cap Fund - Direct Plan - Growth,57.4404,12-06-2018
SBI Small Cap Fund - Direct Plan - Growth,57.3946,11-06-2018
SBI Small Cap Fund - Direct Plan - Growth,57.0448,08-06-2018
SBI Small Cap Fund - Direct Plan - Growth,57.0031,07-06-2018
SBI Small Cap Fund - Direct Plan - Growth,55.91,06-06-2018
SBI Small Cap Fund - Direct Plan - Growth,55.1442,05-06-2018
SBI Small Cap Fund - Direct Plan - Growth,56.5065,04-06-2018
SBI Small Cap Fund - Direct Plan - Growth,57.8765,01-06-2018
SBI Small Cap Fund - Direct Plan - Growth,58.995,31-05-2018
SBI Small Cap Fund - Direct Plan - Growth,59.6359,30-05-2018
SBI Small Cap Fund - Direct Plan - Growth,59.4956,29-05-2018
SBI Small Cap Fund - Direct Plan - Growth,59.7938,28-05-2018
SBI Small Cap Fund - Direct Plan - Growth,59.255,25-05-2018
SBI Small Cap Fund - Direct Plan - Growth,59.2931,24-05-2018
SBI Small Cap Fund - Direct Plan - Growth,59.3398,23-05-2018
SBI Small Cap Fund - Direct Plan - Growth,59.7925,22-05-2018
SBI Small Cap Fund - Direct Plan - Growth,59.7326,21-05-2018
SBI Small Cap Fund - Direct Plan - Growth,60.8312,18-05-2018
SBI Small Cap Fund - Direct Plan - Growth,61.0749,17-05-2018
SBI Small Cap Fund - Direct Plan - Growth,60.6782,16-05-2018
SBI Small Cap Fund - Direct Plan - Growth,61.1301,15-05-2018
SBI Small Cap Fund - Direct Plan - Growth,61.1396,14-05-2018
SBI Small Cap Fund - Direct Plan - Growth,62.0221,11-05-2018
SBI Small Cap Fund - Direct Plan - Growth,62.18,10-05-2018
SBI Small Cap Fund - Direct Plan - Growth,62.7255,09-05-2018
SBI Small Cap Fund - Direct Plan - Growth,62.3405,08-05-2018
SBI Small Cap Fund - Direct Plan - Growth,62.362,07-05-2018
SBI Small Cap Fund - Direct Plan - Growth,61.5548,04-05-2018
SBI Small Cap Fund - Direct Plan - Growth,61.9566,03-05-2018
SBI Small Cap Fund - Direct Plan - Growth,62.4199,02-05-2018
SBI Small Cap Fund - Direct Plan - Growth,62.9323,30-04-2018
SBI Small Cap Fund - Direct Plan - Growth,63.0954,27-04-2018
SBI Small Cap Fund - Direct Plan - Growth,63.2641,26-04-2018
SBI Small Cap Fund - Direct Plan - Growth,62.5142,25-04-2018
SBI Small Cap Fund - Direct Plan - Growth,62.5241,24-04-2018
SBI Small Cap Fund - Direct Plan - Growth,62.337,23-04-2018
SBI Small Cap Fund - Direct Plan - Growth,62.0067,20-04-2018
SBI Small Cap Fund - Direct Plan - Growth,62.0316,19-04-2018
SBI Small Cap Fund - Direct Plan - Growth,61.6812,18-04-2018
SBI Small Cap Fund - Direct Plan - Growth,61.8273,17-04-2018
SBI Small Cap Fund - Direct Plan - Growth,61.9447,16-04-2018
SBI Small Cap Fund - Direct Plan - Growth,61.5831,13-04-2018
SBI Small Cap Fund - Direct Plan - Growth,61.7648,12-04-2018
SBI Small Cap Fund - Direct Plan - Growth,61.6102,11-04-2018
SBI Small Cap Fund - Direct Plan - Growth,61.7781,10-04-2018
SBI Small Cap Fund - Direct Plan - Growth,61.559,09-04-2018
SBI Small Cap Fund - Direct Plan - Growth,61.0985,06-04-2018
SBI Small Cap Fund - Direct Plan - Growth,60.5934,05-04-2018
SBI Small Cap Fund - Direct Plan - Growth,59.8079,04-04-2018
SBI Small Cap Fund - Direct Plan - Growth,60.3663,03-04-2018
SBI Small Cap Fund - Direct Plan - Growth,59.6897,02-04-2018
SBI Small Cap Fund - Direct Plan - Growth,58.0969,28-03-2018
SBI Small Cap Fund - Direct Plan - Growth,58.7848,27-03-2018
SBI Small Cap Fund - Direct Plan - Growth,58.3483,26-03-2018
SBI Small Cap Fund - Direct Plan - Growth,57.8792,23-03-2018
SBI Small Cap Fund - Direct Plan - Growth,58.3845,22-03-2018
SBI Small Cap Fund - Direct Plan - Growth,59.2581,21-03-2018
SBI Small Cap Fund - Direct Plan - Growth,59.0942,20-03-2018
SBI Small Cap Fund - Direct Plan - Growth,59.1931,19-03-2018
SBI Small Cap Fund - Direct Plan - Growth,60.1759,16-03-2018
SBI Small Cap Fund - Direct Plan - Growth,60.6964,15-03-2018
SBI Small Cap Fund - Direct Plan - Growth,60.3817,14-03-2018
SBI Small Cap Fund - Direct Plan - Growth,60.5853,13-03-2018
SBI Small Cap Fund - Direct Plan - Growth,59.9923,12-03-2018
SBI Small Cap Fund - Direct Plan - Growth,59.6427,09-03-2018
SBI Small Cap Fund - Direct Plan - Growth,59.6107,08-03-2018
SBI Small Cap Fund - Direct Plan - Growth,59.7924,07-03-2018
SBI Small Cap Fund - Direct Plan - Growth,60.7648,06-03-2018
SBI Small Cap Fund - Direct Plan - Growth,61.4179,05-03-2018
SBI Small Cap Fund - Direct Plan - Growth,62.2116,01-03-2018
SBI Small Cap Fund - Direct Plan - Growth,62.2774,28-02-2018
SBI Small Cap Fund - Direct Plan - Growth,62.4806,27-02-2018
SBI Small Cap Fund - Direct Plan - Growth,62.7988,26-02-2018
SBI Small Cap Fund - Direct Plan - Growth,62.211,23-02-2018
SBI Small Cap Fund - Direct Plan - Growth,61.7289,22-02-2018
SBI Small Cap Fund - Direct Plan - Growth,61.8416,21-02-2018
SBI Small Cap Fund - Direct Plan - Growth,61.855,20-02-2018
SBI Small Cap Fund - Direct Plan - Growth,61.7037,19-02-2018
SBI Small Cap Fund - Direct Plan - Growth,62.6723,16-02-2018
SBI Small Cap Fund - Direct Plan - Growth,63.6826,15-02-2018
SBI Small Cap Fund - Direct Plan - Growth,64.5707,14-02-2018
SBI Small Cap Fund - Direct Plan - Growth,64.4738,12-02-2018
SBI Small Cap Fund - Direct Plan - Growth,63.9351,09-02-2018
SBI Small Cap Fund - Direct Plan - Growth,63.7076,08-02-2018
SBI Small Cap Fund - Direct Plan - Growth,62.36,07-02-2018
SBI Small Cap Fund - Direct Plan - Growth,61.0687,06-02-2018
SBI Small Cap Fund - Direct Plan - Growth,62.5391,05-02-2018
SBI Small Cap Fund - Direct Plan - Growth,62.5129,02-02-2018
SBI Small Cap Fund - Direct Plan - Growth,64.6604,01-02-2018
SBI Small Cap Fund - Direct Plan - Growth,64.872,31-01-2018
SBI Small Cap Fund - Direct Plan - Growth,65.2116,30-01-2018
SBI Small Cap Fund - Direct Plan - Growth,65.4636,29-01-2018
SBI Small Cap Fund - Direct Plan - Growth,65.9743,25-01-2018
SBI Small Cap Fund - Direct Plan - Growth,66.4519,24-01-2018
SBI Small Cap Fund - Direct Plan - Growth,67.2381,23-01-2018
SBI Small Cap Fund - Direct Plan - Growth,67.6775,22-01-2018
SBI Small Cap Fund - Direct Plan - Growth,67.0254,19-01-2018
SBI Small Cap Fund - Direct Plan - Growth,66.4689,18-01-2018
SBI Small Cap Fund - Direct Plan - Growth,67.8071,17-01-2018
SBI Small Cap Fund - Direct Plan - Growth,67.6438,16-01-2018
SBI Small Cap Fund - Direct Plan - Growth,69.0392,15-01-2018
SBI Small Cap Fund - Direct Plan - Growth,68.8466,12-01-2018
SBI Small Cap Fund - Direct Plan - Growth,68.7927,11-01-2018
SBI Small Cap Fund - Direct Plan - Growth,68.6873,10-01-2018
SBI Small Cap Fund - Direct Plan - Growth,68.6975,09-01-2018
SBI Small Cap Fund - Direct Plan - Growth,69.0661,08-01-2018
SBI Small Cap Fund - Direct Plan - Growth,68.8684,05-01-2018
SBI Small Cap Fund - Direct Plan - Growth,67.8023,04-01-2018
SBI Small Cap Fund - Direct Plan - Growth,67.0627,03-01-2018
SBI Small Cap Fund - Direct Plan - Growth,65.5915,02-01-2018
SBI Small Cap Fund - Direct Plan - Growth,66.1953,01-01-2018
SBI Small Cap Fund - Direct Plan - Growth,66.1565,29-12-2017
SBI Small Cap Fund - Direct Plan - Growth,66.3183,28-12-2017
SBI Small Cap Fund - Direct Plan - Growth,66.0456,27-12-2017
SBI Small Cap Fund - Direct Plan - Growth,66.0961,26-12-2017
SBI Small Cap Fund - Direct Plan - Growth,66.208,22-12-2017
SBI Small Cap Fund - Direct Plan - Growth,66.4699,21-12-2017
SBI Small Cap Fund - Direct Plan - Growth,65.8782,20-12-2017
SBI Small Cap Fund - Direct Plan - Growth,65.2296,19-12-2017
SBI Small Cap Fund - Direct Plan - Growth,63.8694,18-12-2017
SBI Small Cap Fund - Direct Plan - Growth,63.3238,15-12-2017
SBI Small Cap Fund - Direct Plan - Growth,62.7841,14-12-2017
SBI Small Cap Fund - Direct Plan - Growth,62.8065,13-12-2017
SBI Small Cap Fund - Direct Plan - Growth,63.3879,12-12-2017
SBI Small Cap Fund - Direct Plan - Growth,63.6318,11-12-2017
SBI Small Cap Fund - Direct Plan - Growth,62.8436,08-12-2017
SBI Small Cap Fund - Direct Plan - Growth,61.9916,07-12-2017
SBI Small Cap Fund - Direct Plan - Growth,61.4633,06-12-2017
SBI Small Cap Fund - Direct Plan - Growth,61.5105,05-12-2017
SBI Small Cap Fund - Direct Plan - Growth,61.3177,04-12-2017
SBI Small Cap Fund - Direct Plan - Growth,61.4989,01-12-2017
SBI Small Cap Fund - Direct Plan - Growth,61.9529,30-11-2017
SBI Small Cap Fund - Direct Plan - Growth,61.933,29-11-2017
SBI Small Cap Fund - Direct Plan - Growth,61.8321,28-11-2017
SBI Small Cap Fund - Direct Plan - Growth,61.2762,27-11-2017
SBI Small Cap Fund - Direct Plan - Growth,61.0875,24-11-2017
SBI Small Cap Fund - Direct Plan - Growth,60.5408,23-11-2017
SBI Small Cap Fund - Direct Plan - Growth,60.0691,22-11-2017
SBI Small Cap Fund - Direct Plan - Growth,59.6667,21-11-2017
SBI Small Cap Fund - Direct Plan - Growth,59.2067,20-11-2017
SBI Small Cap Fund - Direct Plan - Growth,58.6486,17-11-2017
SBI Small Cap Fund - Direct Plan - Growth,58.0829,16-11-2017
SBI Small Cap Fund - Direct Plan - Growth,57.2689,15-11-2017
SBI Small Cap Fund - Direct Plan - Growth,57.9063,14-11-2017
SBI Small Cap Fund - Direct Plan - Growth,57.8186,13-11-2017
SBI Small Cap Fund - Direct Plan - Growth,57.7898,10-11-2017
SBI Small Cap Fund - Direct Plan - Growth,58.0804,09-11-2017
SBI Small Cap Fund - Direct Plan - Growth,57.2373,08-11-2017
SBI Small Cap Fund - Direct Plan - Growth,57.5758,07-11-2017
SBI Small Cap Fund - Direct Plan - Growth,57.8698,06-11-2017
SBI Small Cap Fund - Direct Plan - Growth,57.5792,03-11-2017
SBI Small Cap Fund - Direct Plan - Growth,56.6875,02-11-2017
SBI Small Cap Fund - Direct Plan - Growth,55.8753,01-11-2017
SBI Small Cap Fund - Direct Plan - Growth,55.4171,31-10-2017
SBI Small Cap Fund - Direct Plan - Growth,55.0944,30-10-2017
SBI Small Cap Fund - Direct Plan - Growth,54.5232,27-10-2017
SBI Small Cap Fund - Direct Plan - Growth,54.1288,26-10-2017
SBI Small Cap Fund - Direct Plan - Growth,53.9848,25-10-2017
SBI Small Cap Fund - Direct Plan - Growth,54.5146,24-10-2017
SBI Small Cap Fund - Direct Plan - Growth,54.3424,23-10-2017
SBI Small Cap Fund - Direct Plan - Growth,54.4244,18-10-2017
SBI Small Cap Fund - Direct Plan - Growth,54.5388,17-10-2017
SBI Small Cap Fund - Direct Plan - Growth,54.2114,16-10-2017
SBI Small Cap Fund - Direct Plan - Growth,54.1717,13-10-2017
SBI Small Cap Fund - Direct Plan - Growth,53.9971,12-10-2017
SBI Small Cap Fund - Direct Plan - Growth,53.678,11-10-2017
SBI Small Cap Fund - Direct Plan - Growth,54.358,10-10-2017
SBI Small Cap Fund - Direct Plan - Growth,53.9716,09-10-2017
SBI Small Cap Fund - Direct Plan - Growth,53.8125,06-10-2017
SBI Small Cap Fund - Direct Plan - Growth,53.4476,05-10-2017
SBI Small Cap Fund - Direct Plan - Growth,53.2395,04-10-2017
SBI Small Cap Fund - Direct Plan - Growth,52.3213,03-10-2017
SBI Small Cap Fund - Direct Plan - Growth,51.961,29-09-2017
SBI Small Cap Fund - Direct Plan - Growth,51.2362,28-09-2017
SBI Small Cap Fund - Direct Plan - Growth,50.832,27-09-2017
SBI Small Cap Fund - Direct Plan - Growth,51.6784,26-09-2017
SBI Small Cap Fund - Direct Plan - Growth,51.0501,25-09-2017
SBI Small Cap Fund - Direct Plan - Growth,51.5995,22-09-2017
SBI Small Cap Fund - Direct Plan - Growth,53.3041,21-09-2017
SBI Small Cap Fund - Direct Plan - Growth,53.3602,20-09-2017
SBI Small Cap Fund - Direct Plan - Growth,52.9686,19-09-2017
SBI Small Cap Fund - Direct Plan - Growth,52.3804,18-09-2017
SBI Small Cap Fund - Direct Plan - Growth,51.7518,15-09-2017
SBI Small Cap Fund - Direct Plan - Growth,51.3182,14-09-2017
SBI Small Cap Fund - Direct Plan - Growth,50.6965,13-09-2017
SBI Small Cap Fund - Direct Plan - Growth,51.0852,12-09-2017
SBI Small Cap Fund - Direct Plan - Growth,50.7696,11-09-2017
SBI Small Cap Fund - Direct Plan - Growth,50.5481,08-09-2017
SBI Small Cap Fund - Direct Plan - Growth,50.479,07-09-2017
SBI Small Cap Fund - Direct Plan - Growth,50.2949,06-09-2017
SBI Small Cap Fund - Direct Plan - Growth,50.0883,05-09-2017
SBI Small Cap Fund - Direct Plan - Growth,49.5888,04-09-2017
SBI Small Cap Fund - Direct Plan - Growth,49.6448,01-09-2017
SBI Small Cap Fund - Direct Plan - Growth,49.1482,31-08-2017
SBI Small Cap Fund - Direct Plan - Growth,48.4861,30-08-2017
SBI Small Cap Fund - Direct Plan - Growth,48.1384,29-08-2017
SBI Small Cap Fund - Direct Plan - Growth,48.5392,28-08-2017
SBI Small Cap Fund - Direct Plan - Growth,48.248,24-08-2017
SBI Small Cap Fund - Direct Plan - Growth,48.1917,23-08-2017
SBI Small Cap Fund - Direct Plan - Growth,47.9154,22-08-2017
SBI Small Cap Fund - Direct Plan - Growth,47.7179,21-08-2017
SBI Small Cap Fund - Direct Plan - Growth,48.3833,18-08-2017
SBI Small Cap Fund - Direct Plan - Growth,48.7034,17-08-2017
SBI Small Cap Fund - Direct Plan - Growth,48.3225,16-08-2017
SBI Small Cap Fund - Direct Plan - Growth,47.737,14-08-2017
SBI Small Cap Fund - Direct Plan - Growth,46.9331,11-08-2017
SBI Small Cap Fund - Direct Plan - Growth,46.6004,10-08-2017
SBI Small Cap Fund - Direct Plan - Growth,47.6533,09-08-2017
SBI Small Cap Fund - Direct Plan - Growth,48.14,08-08-2017
SBI Small Cap Fund - Direct Plan - Growth,48.5716,07-08-2017
SBI Small Cap Fund - Direct Plan - Growth,48.1507,04-08-2017
SBI Small Cap Fund - Direct Plan - Growth,48.0355,03-08-2017
SBI Small Cap Fund - Direct Plan - Growth,48.434,02-08-2017
SBI Small Cap Fund - Direct Plan - Growth,48.8185,01-08-2017
SBI Small Cap Fund - Direct Plan - Growth,48.6537,31-07-2017
SBI Small Cap Fund - Direct Plan - Growth,48.5811,28-07-2017
SBI Small Cap Fund - Direct Plan - Growth,48.1589,27-07-2017
SBI Small Cap Fund - Direct Plan - Growth,48.4663,26-07-2017
SBI Small Cap Fund - Direct Plan - Growth,48.2663,25-07-2017
SBI Small Cap Fund - Direct Plan - Growth,48.2489,24-07-2017
SBI Small Cap Fund - Direct Plan - Growth,48.2629,21-07-2017
SBI Small Cap Fund - Direct Plan - Growth,48.4308,20-07-2017
SBI Small Cap Fund - Direct Plan - Growth,48.2322,19-07-2017
SBI Small Cap Fund - Direct Plan - Growth,47.9429,18-07-2017
SBI Small Cap Fund - Direct Plan - Growth,47.97,17-07-2017
SBI Small Cap Fund - Direct Plan - Growth,47.7904,14-07-2017
SBI Small Cap Fund - Direct Plan - Growth,48.2403,13-07-2017
SBI Small Cap Fund - Direct Plan - Growth,47.981,12-07-2017
SBI Small Cap Fund - Direct Plan - Growth,47.8999,11-07-2017
SBI Small Cap Fund - Direct Plan - Growth,47.7571,10-07-2017
SBI Small Cap Fund - Direct Plan - Growth,47.6689,07-07-2017
SBI Small Cap Fund - Direct Plan - Growth,47.6048,06-07-2017
SBI Small Cap Fund - Direct Plan - Growth,47.6057,05-07-2017
SBI Small Cap Fund - Direct Plan - Growth,47.3041,04-07-2017
SBI Small Cap Fund - Direct Plan - Growth,47.0864,03-07-2017
SBI Small Cap Fund - Direct Plan - Growth,46.3484,30-06-2017
SBI Small Cap Fund - Direct Plan - Growth,46.1769,29-06-2017
SBI Small Cap Fund - Direct Plan - Growth,45.7199,28-06-2017
SBI Small Cap Fund - Direct Plan - Growth,46.0949,27-06-2017
SBI Small Cap Fund - Direct Plan - Growth,46.4126,23-06-2017
SBI Small Cap Fund - Direct Plan - Growth,46.9542,22-06-2017
SBI Small Cap Fund - Direct Plan - Growth,46.8016,21-06-2017
SBI Small Cap Fund - Direct Plan - Growth,46.6247,20-06-2017
SBI Small Cap Fund - Direct Plan - Growth,46.4924,19-06-2017
SBI Small Cap Fund - Direct Plan - Growth,46.2799,16-06-2017
SBI Small Cap Fund - Direct Plan - Growth,46.1215,15-06-2017
SBI Small Cap Fund - Direct Plan - Growth,45.7899,14-06-2017
SBI Small Cap Fund - Direct Plan - Growth,45.76,13-06-2017
SBI Small Cap Fund - Direct Plan - Growth,45.6426,12-06-2017
SBI Small Cap Fund - Direct Plan - Growth,45.3998,09-06-2017
SBI Small Cap Fund - Direct Plan - Growth,45.3666,08-06-2017
SBI Small Cap Fund - Direct Plan - Growth,45.2229,07-06-2017
SBI Small Cap Fund - Direct Plan - Growth,44.8932,06-06-2017
SBI Small Cap Fund - Direct Plan - Growth,45.12,05-06-2017
SBI Small Cap Fund - Direct Plan - Growth,44.8693,02-06-2017
SBI Small Cap Fund - Direct Plan - Growth,44.592,01-06-2017
SBI Small Cap Fund - Direct Plan - Growth,44.5677,31-05-2017
SBI Small Cap Fund - Direct Plan - Growth,44.2141,30-05-2017
SBI Small Cap Fund - Direct Plan - Growth,44.4295,29-05-2017
SBI Small Cap Fund - Direct Plan - Growth,44.8599,26-05-2017
SBI Small Cap Fund - Direct Plan - Growth,44.2257,25-05-2017
SBI Small Cap Fund - Direct Plan - Growth,43.3484,24-05-2017
SBI Small Cap Fund - Direct Plan - Growth,44.0249,23-05-2017
SBI Small Cap Fund - Direct Plan - Growth,44.866,22-05-2017
SBI Small Cap Fund - Direct Plan - Growth,45.2431,19-05-2017
SBI Small Cap Fund - Direct Plan - Growth,45.5892,18-05-2017
SBI Small Cap Fund - Direct Plan - Growth,45.8048,17-05-2017
SBI Small Cap Fund - Direct Plan - Growth,45.686,16-05-2017
SBI Small Cap Fund - Direct Plan - Growth,45.6024,15-05-2017
SBI Small Cap Fund - Direct Plan - Growth,45.1186,12-05-2017
SBI Small Cap Fund - Direct Plan - Growth,45.5728,11-05-2017
SBI Small Cap Fund - Direct Plan - Growth,45.8331,10-05-2017
SBI Small Cap Fund - Direct Plan - Growth,45.4696,09-05-2017
SBI Small Cap Fund - Direct Plan - Growth,45.2513,08-05-2017
SBI Small Cap Fund - Direct Plan - Growth,44.9503,05-05-2017
SBI Small Cap Fund - Direct Plan - Growth,45.0697,04-05-2017
SBI Small Cap Fund - Direct Plan - Growth,44.8741,03-05-2017
SBI Small Cap Fund - Direct Plan - Growth,44.8776,02-05-2017
SBI Small Cap Fund - Direct Plan - Growth,44.9968,28-04-2017
SBI Small Cap Fund - Direct Plan - Growth,44.964,27-04-2017
SBI Small Cap Fund - Direct Plan - Growth,44.6934,26-04-2017
SBI Small Cap Fund - Direct Plan - Growth,45.2974,25-04-2017
SBI Small Cap Fund - Direct Plan - Growth,45.2712,24-04-2017
SBI Small Cap Fund - Direct Plan - Growth,44.9958,21-04-2017
SBI Small Cap Fund - Direct Plan - Growth,45.0012,20-04-2017
SBI Small Cap Fund - Direct Plan - Growth,44.6032,19-04-2017
SBI Small Cap Fund - Direct Plan - Growth,44.5612,18-04-2017
SBI Small Cap Fund - Direct Plan - Growth,44.9619,17-04-2017
SBI Small Cap Fund - Direct Plan - Growth,44.78,13-04-2017
SBI Small Cap Fund - Direct Plan - Growth,44.8462,12-04-2017
SBI Small Cap Fund - Direct Plan - Growth,45.0113,11-04-2017
SBI Small Cap Fund - Direct Plan - Growth,44.7075,10-04-2017
SBI Small Cap Fund - Direct Plan - Growth,44.3425,07-04-2017
SBI Small Cap Fund - Direct Plan - Growth,44.6978,06-04-2017
SBI Small Cap Fund - Direct Plan - Growth,44.5942,05-04-2017
SBI Small Cap Fund - Direct Plan - Growth,43.2863,03-04-2017
SBI Small Cap Fund - Direct Plan - Growth,42.7884,31-03-2017
SBI Small Cap Fund - Direct Plan - Growth,42.691,30-03-2017
SBI Small Cap Fund - Direct Plan - Growth,42.3573,29-03-2017
SBI Small Cap Fund - Direct Plan - Growth,42.3497,28-03-2017
SBI Small Cap Fund - Direct Plan - Growth,42.2659,27-03-2017
SBI Small Cap Fund - Direct Plan - Growth,42.2284,24-03-2017
SBI Small Cap Fund - Direct Plan - Growth,42.1719,23-03-2017
SBI Small Cap Fund - Direct Plan - Growth,42.0026,22-03-2017
SBI Small Cap Fund - Direct Plan - Growth,42.1456,21-03-2017
SBI Small Cap Fund - Direct Plan - Growth,42.24,20-03-2017
SBI Small Cap Fund - Direct Plan - Growth,41.9777,17-03-2017
SBI Small Cap Fund - Direct Plan - Growth,41.8189,16-03-2017
SBI Small Cap Fund - Direct Plan - Growth,41.3027,15-03-2017
SBI Small Cap Fund - Direct Plan - Growth,41.304,14-03-2017
SBI Small Cap Fund - Direct Plan - Growth,40.9816,10-03-2017
SBI Small Cap Fund - Direct Plan - Growth,41.0732,09-03-2017
SBI Small Cap Fund - Direct Plan - Growth,41.0006,08-03-2017
SBI Small Cap Fund - Direct Plan - Growth,41.0703,07-03-2017
SBI Small Cap Fund - Direct Plan - Growth,40.9656,06-03-2017
SBI Small Cap Fund - Direct Plan - Growth,40.9417,03-03-2017
SBI Small Cap Fund - Direct Plan - Growth,40.7713,02-03-2017
SBI Small Cap Fund - Direct Plan - Growth,41.2422,01-03-2017
SBI Small Cap Fund - Direct Plan - Growth,40.9008,28-02-2017
SBI Small Cap Fund - Direct Plan - Growth,40.7685,27-02-2017
SBI Small Cap Fund - Direct Plan - Growth,41.03,23-02-2017
SBI Small Cap Fund - Direct Plan - Growth,40.9946,22-02-2017
SBI Small Cap Fund - Direct Plan - Growth,41.2254,21-02-2017
SBI Small Cap Fund - Direct Plan - Growth,41.1251,20-02-2017
SBI Small Cap Fund - Direct Plan - Growth,40.8373,17-02-2017
SBI Small Cap Fund - Direct Plan - Growth,40.8238,16-02-2017
SBI Small Cap Fund - Direct Plan - Growth,40.3628,15-02-2017
SBI Small Cap Fund - Direct Plan - Growth,41.0917,14-02-2017
SBI Small Cap Fund - Direct Plan - Growth,41.2657,13-02-2017
SBI Small Cap Fund - Direct Plan - Growth,41.2994,10-02-2017
SBI Small Cap Fund - Direct Plan - Growth,40.9909,09-02-2017
SBI Small Cap Fund - Direct Plan - Growth,40.9586,08-02-2017
SBI Small Cap Fund - Direct Plan - Growth,40.9243,07-02-2017
SBI Small Cap Fund - Direct Plan - Growth,40.7207,06-02-2017
SBI Small Cap Fund - Direct Plan - Growth,40.3205,03-02-2017
SBI Small Cap Fund - Direct Plan - Growth,39.6138,02-02-2017
SBI Small Cap Fund - Direct Plan - Growth,39.5325,01-02-2017
SBI Small Cap Fund - Direct Plan - Growth,39.1862,31-01-2017
SBI Small Cap Fund - Direct Plan - Growth,39.3144,30-01-2017
SBI Small Cap Fund - Direct Plan - Growth,39.5765,27-01-2017
SBI Small Cap Fund - Direct Plan - Growth,39.3139,25-01-2017
SBI Small Cap Fund - Direct Plan - Growth,39.1981,24-01-2017
SBI Small Cap Fund - Direct Plan - Growth,38.7686,23-01-2017
SBI Small Cap Fund - Direct Plan - Growth,38.6106,20-01-2017
SBI Small Cap Fund - Direct Plan - Growth,38.9791,19-01-2017
SBI Small Cap Fund - Direct Plan - Growth,38.8508,18-01-2017
SBI Small Cap Fund - Direct Plan - Growth,38.5511,17-01-2017
SBI Small Cap Fund - Direct Plan - Growth,38.3745,16-01-2017
SBI Small Cap Fund - Direct Plan - Growth,38.1845,13-01-2017
SBI Small Cap Fund - Direct Plan - Growth,38.1337,12-01-2017
SBI Small Cap Fund - Direct Plan - Growth,38.2558,11-01-2017
SBI Small Cap Fund - Direct Plan - Growth,38.0179,10-01-2017
SBI Small Cap Fund - Direct Plan - Growth,37.8471,09-01-2017
SBI Small Cap Fund - Direct Plan - Growth,37.6588,06-01-2017
SBI Small Cap Fund - Direct Plan - Growth,37.6091,05-01-2017
SBI Small Cap Fund - Direct Plan - Growth,37.3559,04-01-2017
SBI Small Cap Fund - Direct Plan - Growth,37.2804,03-01-2017
SBI Small Cap Fund - Direct Plan - Growth,36.945,02-01-2017
SBI Small Cap Fund - Direct Plan - Growth,36.6631,30-12-2016
SBI Small Cap Fund - Direct Plan - Growth,36.3282,29-12-2016
SBI Small Cap Fund - Direct Plan - Growth,36.0955,28-12-2016
SBI Small Cap Fund - Direct Plan - Growth,35.8987,27-12-2016
SBI Small Cap Fund - Direct Plan - Growth,35.6034,26-12-2016
SBI Small Cap Fund - Direct Plan - Growth,36.2255,23-12-2016
SBI Small Cap Fund - Direct Plan - Growth,36.1526,22-12-2016
SBI Small Cap Fund - Direct Plan - Growth,36.5384,21-12-2016
SBI Small Cap Fund - Direct Plan - Growth,36.545,20-12-2016
SBI Small Cap Fund - Direct Plan - Growth,36.945,19-12-2016
SBI Small Cap Fund - Direct Plan - Growth,37.1271,16-12-2016
SBI Small Cap Fund - Direct Plan - Growth,37.1506,15-12-2016
SBI Small Cap Fund - Direct Plan - Growth,37.2921,14-12-2016
SBI Small Cap Fund - Direct Plan - Growth,37.6478,13-12-2016
SBI Small Cap Fund - Direct Plan - Growth,37.4765,12-12-2016
SBI Small Cap Fund - Direct Plan - Growth,37.7144,09-12-2016
SBI Small Cap Fund - Direct Plan - Growth,37.6893,08-12-2016
SBI Small Cap Fund - Direct Plan - Growth,37.3837,07-12-2016
SBI Small Cap Fund - Direct Plan - Growth,37.4778,06-12-2016
SBI Small Cap Fund - Direct Plan - Growth,37.5993,05-12-2016
SBI Small Cap Fund - Direct Plan - Growth,37.6241,02-12-2016
SBI Small Cap Fund - Direct Plan - Growth,38.1715,01-12-2016
SBI Small Cap Fund - Direct Plan - Growth,38.2132,30-11-2016
SBI Small Cap Fund - Direct Plan - Growth,37.9466,29-11-2016
SBI Small Cap Fund - Direct Plan - Growth,37.784,28-11-2016
SBI Small Cap Fund - Direct Plan - Growth,37.3075,25-11-2016
SBI Small Cap Fund - Direct Plan - Growth,36.8274,24-11-2016
SBI Small Cap Fund - Direct Plan - Growth,36.6964,23-11-2016
SBI Small Cap Fund - Direct Plan - Growth,36.3454,22-11-2016
SBI Small Cap Fund - Direct Plan - Growth,36.0161,21-11-2016
SBI Small Cap Fund - Direct Plan - Growth,37.4444,18-11-2016
SBI Small Cap Fund - Direct Plan - Growth,37.079,17-11-2016
SBI Small Cap Fund - Direct Plan - Growth,37.2673,16-11-2016
SBI Small Cap Fund - Direct Plan - Growth,37.2816,15-11-2016
SBI Small Cap Fund - Direct Plan - Growth,39.2286,11-11-2016
SBI Small Cap Fund - Direct Plan - Growth,40.372,10-11-2016
SBI Small Cap Fund - Direct Plan - Growth,39.7184,09-11-2016
SBI Small Cap Fund - Direct Plan - Growth,40.2973,08-11-2016
SBI Small Cap Fund - Direct Plan - Growth,40.3143,07-11-2016
SBI Small Cap Fund - Direct Plan - Growth,39.8044,04-11-2016
SBI Small Cap Fund - Direct Plan - Growth,40.5851,03-11-2016
SBI Small Cap Fund - Direct Plan - Growth,41.034,02-11-2016
SBI Small Cap Fund - Direct Plan - Growth,41.6575,01-11-2016
SBI Small Cap Fund - Direct Plan - Growth,41.0564,28-10-2016
SBI Small Cap Fund - Direct Plan - Growth,40.588,27-10-2016
SBI Small Cap Fund - Direct Plan - Growth,40.5044,26-10-2016
SBI Small Cap Fund - Direct Plan - Growth,40.6786,25-10-2016
SBI Small Cap Fund - Direct Plan - Growth,40.4993,24-10-2016
SBI Small Cap Fund - Direct Plan - Growth,40.0949,21-10-2016
SBI Small Cap Fund - Direct Plan - Growth,40.2785,20-10-2016
SBI Small Cap Fund - Direct Plan - Growth,40.2299,19-10-2016
SBI Small Cap Fund - Direct Plan - Growth,40.0062,18-10-2016
SBI Small Cap Fund - Direct Plan - Growth,39.6723,17-10-2016
SBI Small Cap Fund - Direct Plan - Growth,39.9726,14-10-2016
SBI Small Cap Fund - Direct Plan - Growth,39.7037,13-10-2016
SBI Small Cap Fund - Direct Plan - Growth,40.4711,10-10-2016
SBI Small Cap Fund - Direct Plan - Growth,40.2223,07-10-2016
SBI Small Cap Fund - Direct Plan - Growth,39.8451,06-10-2016
SBI Small Cap Fund - Direct Plan - Growth,39.9987,05-10-2016
SBI Small Cap Fund - Direct Plan - Growth,39.6324,04-10-2016
SBI Small Cap Fund - Direct Plan - Growth,39.4262,03-10-2016
SBI Small Cap Fund - Direct Plan - Growth,38.6634,30-09-2016
SBI Small Cap Fund - Direct Plan - Growth,37.6457,29-09-2016
SBI Small Cap Fund - Direct Plan - Growth,38.8645,28-09-2016
SBI Small Cap Fund - Direct Plan - Growth,38.6536,27-09-2016
SBI Small Cap Fund - Direct Plan - Growth,38.5512,26-09-2016
SBI Small Cap Fund - Direct Plan - Growth,38.6335,23-09-2016
SBI Small Cap Fund - Direct Plan - Growth,38.4994,22-09-2016
SBI Small Cap Fund - Direct Plan - Growth,37.8895,21-09-2016
SBI Small Cap Fund - Direct Plan - Growth,37.8995,20-09-2016
SBI Small Cap Fund - Direct Plan - Growth,37.7317,19-09-2016
SBI Small Cap Fund - Direct Plan - Growth,37.5474,16-09-2016
SBI Small Cap Fund - Direct Plan - Growth,37.5655,15-09-2016
SBI Small Cap Fund - Direct Plan - Growth,37.4695,14-09-2016
SBI Small Cap Fund - Direct Plan - Growth,37.1323,12-09-2016
SBI Small Cap Fund - Direct Plan - Growth,37.8889,09-09-2016
SBI Small Cap Fund - Direct Plan - Growth,38.0072,08-09-2016
SBI Small Cap Fund - Direct Plan - Growth,37.7765,07-09-2016
SBI Small Cap Fund - Direct Plan - Growth,37.9713,06-09-2016
SBI Small Cap Fund - Direct Plan - Growth,37.7261,02-09-2016
SBI Small Cap Fund - Direct Plan - Growth,37.547,01-09-2016
SBI Small Cap Fund - Direct Plan - Growth,37.9673,31-08-2016
SBI Small Cap Fund - Direct Plan - Growth,37.8232,30-08-2016
SBI Small Cap Fund - Direct Plan - Growth,37.3338,29-08-2016
SBI Small Cap Fund - Direct Plan - Growth,37.145,26-08-2016
SBI Small Cap Fund - Direct Plan - Growth,37.1465,25-08-2016
SBI Small Cap Fund - Direct Plan - Growth,37.0685,24-08-2016
SBI Small Cap Fund - Direct Plan - Growth,36.8134,23-08-2016
SBI Small Cap Fund - Direct Plan - Growth,36.7581,22-08-2016
SBI Small Cap Fund - Direct Plan - Growth,36.761,19-08-2016
SBI Small Cap Fund - Direct Plan - Growth,36.6979,18-08-2016
SBI Small Cap Fund - Direct Plan - Growth,36.3047,17-08-2016
SBI Small Cap Fund - Direct Plan - Growth,35.9908,16-08-2016
SBI Small Cap Fund - Direct Plan - Growth,36.0147,12-08-2016
SBI Small Cap Fund - Direct Plan - Growth,35.9288,11-08-2016
SBI Small Cap Fund - Direct Plan - Growth,35.939,10-08-2016
SBI Small Cap Fund - Direct Plan - Growth,36.3094,09-08-2016
SBI Small Cap Fund - Direct Plan - Growth,36.5398,08-08-2016
SBI Small Cap Fund - Direct Plan - Growth,36.4669,05-08-2016
SBI Small Cap Fund - Direct Plan - Growth,36.1689,04-08-2016
SBI Small Cap Fund - Direct Plan - Growth,35.9656,03-08-2016
SBI Small Cap Fund - Direct Plan - Growth,36.3876,02-08-2016
SBI Small Cap Fund - Direct Plan - Growth,36.5024,01-08-2016
SBI Small Cap Fund - Direct Plan - Growth,36.8836,29-07-2016
SBI Small Cap Fund - Direct Plan - Growth,36.7219,28-07-2016
SBI Small Cap Fund - Direct Plan - Growth,36.4712,27-07-2016
SBI Small Cap Fund - Direct Plan - Growth,36.7347,26-07-2016
SBI Small Cap Fund - Direct Plan - Growth,36.9769,25-07-2016
SBI Small Cap Fund - Direct Plan - Growth,36.6433,22-07-2016
SBI Small Cap Fund - Direct Plan - Growth,36.5193,21-07-2016
SBI Small Cap Fund - Direct Plan - Growth,36.5005,20-07-2016
SBI Small Cap Fund - Direct Plan - Growth,36.1272,19-07-2016
SBI Small Cap Fund - Direct Plan - Growth,36.3078,18-07-2016
SBI Small Cap Fund - Direct Plan - Growth,36.3821,15-07-2016
SBI Small Cap Fund - Direct Plan - Growth,36.3687,14-07-2016
SBI Small Cap Fund - Direct Plan - Growth,35.8112,13-07-2016
SBI Small Cap Fund - Direct Plan - Growth,35.7695,12-07-2016
SBI Small Cap Fund - Direct Plan - Growth,35.8859,11-07-2016
SBI Small Cap Fund - Direct Plan - Growth,35.747,08-07-2016
SBI Small Cap Fund - Direct Plan - Growth,35.6973,07-07-2016
SBI Small Cap Fund - Direct Plan - Growth,35.5532,05-07-2016
SBI Small Cap Fund - Direct Plan - Growth,35.5248,04-07-2016
SBI Small Cap Fund - Direct Plan - Growth,35.3909,01-07-2016
SBI Small Cap Fund - Direct Plan - Growth,35.2551,30-06-2016
SBI Small Cap Fund - Direct Plan - Growth,35.1004,29-06-2016
SBI Small Cap Fund - Direct Plan - Growth,34.5703,28-06-2016
SBI Small Cap Fund - Direct Plan - Growth,34.2331,27-06-2016
SBI Small Cap Fund - Direct Plan - Growth,33.9007,24-06-2016
SBI Small Cap Fund - Direct Plan - Growth,34.2001,23-06-2016
SBI Small Cap Fund - Direct Plan - Growth,34.2584,22-06-2016
SBI Small Cap Fund - Direct Plan - Growth,34.2368,21-06-2016
SBI Small Cap Fund - Direct Plan - Growth,34.2823,20-06-2016
SBI Small Cap Fund - Direct Plan - Growth,34.405,17-06-2016
SBI Small Cap Fund - Direct Plan - Growth,34.26,16-06-2016
SBI Small Cap Fund - Direct Plan - Growth,34.3849,15-06-2016
SBI Small Cap Fund - Direct Plan - Growth,34.0845,14-06-2016
SBI Small Cap Fund - Direct Plan - Growth,34.1257,13-06-2016
SBI Small Cap Fund - Direct Plan - Growth,34.345,10-06-2016
SBI Small Cap Fund - Direct Plan - Growth,34.2408,09-06-2016
SBI Small Cap Fund - Direct Plan - Growth,34.5334,08-06-2016
SBI Small Cap Fund - Direct Plan - Growth,34.4547,07-06-2016
SBI Small Cap Fund - Direct Plan - Growth,34.0559,06-06-2016
SBI Small Cap Fund - Direct Plan - Growth,33.8652,03-06-2016
SBI Small Cap Fund - Direct Plan - Growth,33.9535,02-06-2016
SBI Small Cap Fund - Direct Plan - Growth,33.793,01-06-2016
SBI Small Cap Fund - Direct Plan - Growth,33.7683,31-05-2016
SBI Small Cap Fund - Direct Plan - Growth,33.8423,30-05-2016
SBI Small Cap Fund - Direct Plan - Growth,33.7237,27-05-2016
SBI Small Cap Fund - Direct Plan - Growth,33.5544,26-05-2016
SBI Small Cap Fund - Direct Plan - Growth,33.6057,25-05-2016
SBI Small Cap Fund - Direct Plan - Growth,33.416,24-05-2016
SBI Small Cap Fund - Direct Plan - Growth,33.6583,23-05-2016
SBI Small Cap Fund - Direct Plan - Growth,33.6161,20-05-2016
SBI Small Cap Fund - Direct Plan - Growth,33.8355,19-05-2016
SBI Small Cap Fund - Direct Plan - Growth,34.3194,18-05-2016
SBI Small Cap Fund - Direct Plan - Growth,34.2682,17-05-2016
SBI Small Cap Fund - Direct Plan - Growth,34.214,16-05-2016
SBI Small Cap Fund - Direct Plan - Growth,34.2819,13-05-2016
SBI Small Cap Fund - Direct Plan - Growth,34.334,12-05-2016
SBI Small Cap Fund - Direct Plan - Growth,33.9502,11-05-2016
SBI Small Cap Fund - Direct Plan - Growth,33.8602,10-05-2016
SBI Small Cap Fund - Direct Plan - Growth,34.0572,09-05-2016
SBI Small Cap Fund - Direct Plan - Growth,33.8769,06-05-2016
SBI Small Cap Fund - Direct Plan - Growth,33.9939,05-05-2016
SBI Small Cap Fund - Direct Plan - Growth,33.7226,04-05-2016
SBI Small Cap Fund - Direct Plan - Growth,34.0306,03-05-2016
SBI Small Cap Fund - Direct Plan - Growth,34.0495,02-05-2016
SBI Small Cap Fund - Direct Plan - Growth,34.1348,29-04-2016
SBI Small Cap Fund - Direct Plan - Growth,34.1016,28-04-2016
SBI Small Cap Fund - Direct Plan - Growth,34.3437,27-04-2016
SBI Small Cap Fund - Direct Plan - Growth,34.1453,26-04-2016
SBI Small Cap Fund - Direct Plan - Growth,33.9629,25-04-2016
SBI Small Cap Fund - Direct Plan - Growth,34.001,22-04-2016
SBI Small Cap Fund - Direct Plan - Growth,34.1677,21-04-2016
SBI Small Cap Fund - Direct Plan - Growth,34.2725,20-04-2016
SBI Small Cap Fund - Direct Plan - Growth,34.1922,18-04-2016
SBI Small Cap Fund - Direct Plan - Growth,33.7693,13-04-2016
SBI Small Cap Fund - Direct Plan - Growth,33.512,12-04-2016
SBI Small Cap Fund - Direct Plan - Growth,33.3875,11-04-2016
SBI Small Cap Fund - Direct Plan - Growth,33.065,08-04-2016
SBI Small Cap Fund - Direct Plan - Growth,33.0194,07-04-2016
SBI Small Cap Fund - Direct Plan - Growth,33.2317,06-04-2016
SBI Small Cap Fund - Direct Plan - Growth,32.9295,05-04-2016
SBI Small Cap Fund - Direct Plan - Growth,33.112,04-04-2016
SBI Small Cap Fund - Direct Plan - Growth,32.6099,01-04-2016
SBI Small Cap Fund - Direct Plan - Growth,32.3614,31-03-2016
SBI Small Cap Fund - Direct Plan - Growth,32.3132,30-03-2016
SBI Small Cap Fund - Direct Plan - Growth,31.9445,29-03-2016
SBI Small Cap Fund - Direct Plan - Growth,31.8759,28-03-2016
SBI Small Cap Fund - Direct Plan - Growth,32.2192,23-03-2016
SBI Small Cap Fund - Direct Plan - Growth,31.8682,22-03-2016
SBI Small Cap Fund - Direct Plan - Growth,31.9899,21-03-2016
SBI Small Cap Fund - Direct Plan - Growth,31.5504,18-03-2016
SBI Small Cap Fund - Direct Plan - Growth,31.3309,17-03-2016
SBI Small Cap Fund - Direct Plan - Growth,31.2445,16-03-2016
SBI Small Cap Fund - Direct Plan - Growth,31.1758,15-03-2016
SBI Small Cap Fund - Direct Plan - Growth,31.3364,14-03-2016
SBI Small Cap Fund - Direct Plan - Growth,31.0885,11-03-2016
SBI Small Cap Fund - Direct Plan - Growth,31.0779,10-03-2016
SBI Small Cap Fund - Direct Plan - Growth,31.0997,09-03-2016
SBI Small Cap Fund - Direct Plan - Growth,31.0575,08-03-2016
SBI Small Cap Fund - Direct Plan - Growth,31.114,04-03-2016
SBI Small Cap Fund - Direct Plan - Growth,31.1097,03-03-2016
SBI Small Cap Fund - Direct Plan - Growth,30.9607,02-03-2016
SBI Small Cap Fund - Direct Plan - Growth,30.5287,01-03-2016
SBI Small Cap Fund - Direct Plan - Growth,29.7635,29-02-2016
SBI Small Cap Fund - Direct Plan - Growth,29.9406,26-02-2016
SBI Small Cap Fund - Direct Plan - Growth,30.24,25-02-2016
SBI Small Cap Fund - Direct Plan - Growth,30.265,24-02-2016
SBI Small Cap Fund - Direct Plan - Growth,30.6836,23-02-2016
SBI Small Cap Fund - Direct Plan - Growth,31.016,22-02-2016
SBI Small Cap Fund - Direct Plan - Growth,31.1002,19-02-2016
SBI Small Cap Fund - Direct Plan - Growth,31.0755,18-02-2016
SBI Small Cap Fund - Direct Plan - Growth,30.7027,17-02-2016
SBI Small Cap Fund - Direct Plan - Growth,30.4216,16-02-2016
SBI Small Cap Fund - Direct Plan - Growth,31.0517,15-02-2016
SBI Small Cap Fund - Direct Plan - Growth,30.1716,12-02-2016
SBI Small Cap Fund - Direct Plan - Growth,30.4832,11-02-2016
SBI Small Cap Fund - Direct Plan - Growth,31.6489,10-02-2016
SBI Small Cap Fund - Direct Plan - Growth,32.0579,09-02-2016
SBI Small Cap Fund - Direct Plan - Growth,32.1441,08-02-2016
SBI Small Cap Fund - Direct Plan - Growth,32.187,05-02-2016
SBI Small Cap Fund - Direct Plan - Growth,32.0113,04-02-2016
SBI Small Cap Fund - Direct Plan - Growth,32.1505,03-02-2016
SBI Small Cap Fund - Direct Plan - Growth,32.579,02-02-2016
SBI Small Cap Fund - Direct Plan - Growth,32.6827,01-02-2016
SBI Small Cap Fund - Direct Plan - Growth,32.5066,29-01-2016
SBI Small Cap Fund - Direct Plan - Growth,32.3849,28-01-2016
SBI Small Cap Fund - Direct Plan - Growth,32.3767,27-01-2016
SBI Small Cap Fund - Direct Plan - Growth,32.3429,25-01-2016
SBI Small Cap Fund - Direct Plan - Growth,32.1795,22-01-2016
SBI Small Cap Fund - Direct Plan - Growth,31.4128,21-01-2016
SBI Small Cap Fund - Direct Plan - Growth,31.3699,20-01-2016
SBI Small Cap Fund - Direct Plan - Growth,31.9417,19-01-2016
SBI Small Cap Fund - Direct Plan - Growth,31.6702,18-01-2016
SBI Small Cap Fund - Direct Plan - Growth,32.8379,15-01-2016
SBI Small Cap Fund - Direct Plan - Growth,33.6342,14-01-2016
SBI Small Cap Fund - Direct Plan - Growth,33.9198,13-01-2016
SBI Small Cap Fund - Direct Plan - Growth,34.5143,12-01-2016
SBI Small Cap Fund - Direct Plan - Growth,35.1181,11-01-2016
SBI Small Cap Fund - Direct Plan - Growth,35.1548,08-01-2016
SBI Small Cap Fund - Direct Plan - Growth,34.6033,07-01-2016
SBI Small Cap Fund - Direct Plan - Growth,35.5722,06-01-2016
SBI Small Cap Fund - Direct Plan - Growth,35.9544,05-01-2016
SBI Small Cap Fund - Direct Plan - Growth,35.7424,04-01-2016
SBI Small Cap Fund - Direct Plan - Growth,36.0391,01-01-2016
SBI Small Cap Fund - Direct Plan - Growth,35.7192,31-12-2015
SBI Small Cap Fund - Direct Plan - Growth,35.4189,30-12-2015
SBI Small Cap Fund - Direct Plan - Growth,35.1231,29-12-2015
SBI Small Cap Fund - Direct Plan - Growth,34.9675,28-12-2015
SBI Small Cap Fund - Direct Plan - Growth,34.6924,24-12-2015
SBI Small Cap Fund - Direct Plan - Growth,34.4628,23-12-2015
SBI Small Cap Fund - Direct Plan - Growth,34.2195,22-12-2015
SBI Small Cap Fund - Direct Plan - Growth,34.167,21-12-2015
SBI Small Cap Fund - Direct Plan - Growth,33.9321,18-12-2015
SBI Small Cap Fund - Direct Plan - Growth,34.0463,17-12-2015
SBI Small Cap Fund - Direct Plan - Growth,33.3913,16-12-2015
SBI Small Cap Fund - Direct Plan - Growth,33.3962,15-12-2015
SBI Small Cap Fund - Direct Plan - Growth,33.0979,14-12-2015
SBI Small Cap Fund - Direct Plan - Growth,33.0682,11-12-2015
SBI Small Cap Fund - Direct Plan - Growth,33.2474,10-12-2015
SBI Small Cap Fund - Direct Plan - Growth,32.871,09-12-2015
SBI Small Cap Fund - Direct Plan - Growth,33.2944,08-12-2015
SBI Small Cap Fund - Direct Plan - Growth,33.6603,07-12-2015
SBI Small Cap Fund - Direct Plan - Growth,33.694,04-12-2015
SBI Small Cap Fund - Direct Plan - Growth,33.7975,03-12-2015
SBI Small Cap Fund - Direct Plan - Growth,33.8327,02-12-2015
SBI Small Cap Fund - Direct Plan - Growth,33.5186,01-12-2015
SBI Small Cap Fund - Direct Plan - Growth,33.5197,30-11-2015
SBI Small Cap Fund - Direct Plan - Growth,33.5568,27-11-2015
SBI Small Cap Fund - Direct Plan - Growth,33.4275,26-11-2015
SBI Small Cap Fund - Direct Plan - Growth,33.4978,24-11-2015
SBI Small Cap Fund - Direct Plan - Growth,33.6307,23-11-2015
SBI Small Cap Fund - Direct Plan - Growth,33.4842,20-11-2015
SBI Small Cap Fund - Direct Plan - Growth,33.2648,19-11-2015
SBI Small Cap Fund - Direct Plan - Growth,32.7862,18-11-2015
SBI Small Cap Fund - Direct Plan - Growth,33.142,17-11-2015
SBI Small Cap Fund - Direct Plan - Growth,32.8399,16-11-2015
SBI Small Cap Fund - Direct Plan - Growth,32.8994,13-11-2015
SBI Small Cap Fund - Direct Plan - Growth,32.8783,10-11-2015
SBI Small Cap Fund - Direct Plan - Growth,33.0826,09-11-2015
SBI Small Cap Fund - Direct Plan - Growth,32.6837,06-11-2015
SBI Small Cap Fund - Direct Plan - Growth,32.938,05-11-2015
SBI Small Cap Fund - Direct Plan - Growth,33.2605,04-11-2015
SBI Small Cap Fund - Direct Plan - Growth,33.328,03-11-2015
SBI Small Cap Fund - Direct Plan - Growth,32.949,02-11-2015
SBI Small Cap Fund - Direct Plan - Growth,33.1814,30-10-2015
SBI Small Cap Fund - Direct Plan - Growth,33.2373,29-10-2015
SBI Small Cap Fund - Direct Plan - Growth,33.3372,28-10-2015
SBI Small Cap Fund - Direct Plan - Growth,33.4053,27-10-2015
SBI Small Cap Fund - Direct Plan - Growth,33.2641,26-10-2015
SBI Small Cap Fund - Direct Plan - Growth,33.5274,23-10-2015
SBI Small Cap Fund - Direct Plan - Growth,33.6267,21-10-2015
SBI Small Cap Fund - Direct Plan - Growth,33.5605,20-10-2015
SBI Small Cap Fund - Direct Plan - Growth,33.3166,19-10-2015
SBI Small Cap Fund - Direct Plan - Growth,33.1072,16-10-2015
SBI Small Cap Fund - Direct Plan - Growth,33.0744,15-10-2015
SBI Small Cap Fund - Direct Plan - Growth,32.851,14-10-2015
SBI Small Cap Fund - Direct Plan - Growth,32.8369,13-10-2015
SBI Small Cap Fund - Direct Plan - Growth,32.7741,12-10-2015
SBI Small Cap Fund - Direct Plan - Growth,32.8509,09-10-2015
SBI Small Cap Fund - Direct Plan - Growth,32.787,08-10-2015
SBI Small Cap Fund - Direct Plan - Growth,32.6458,07-10-2015
SBI Small Cap Fund - Direct Plan - Growth,32.4971,06-10-2015
SBI Small Cap Fund - Direct Plan - Growth,32.4891,05-10-2015
SBI Small Cap Fund - Direct Plan - Growth,32.0303,01-10-2015
SBI Small Cap Fund - Direct Plan - Growth,31.9449,30-09-2015
SBI Small Cap Fund - Direct Plan - Growth,31.5525,29-09-2015
SBI Small Cap Fund - Direct Plan - Growth,31.6127,28-09-2015
SBI Small Cap Fund - Direct Plan - Growth,31.6004,24-09-2015
SBI Small Cap Fund - Direct Plan - Growth,31.6956,23-09-2015
SBI Small Cap Fund - Direct Plan - Growth,31.6014,22-09-2015
SBI Small Cap Fund - Direct Plan - Growth,31.8795,21-09-2015
SBI Small Cap Fund - Direct Plan - Growth,31.7435,18-09-2015
SBI Small Cap Fund - Direct Plan - Growth,31.4122,16-09-2015
SBI Small Cap Fund - Direct Plan - Growth,31.5174,15-09-2015
SBI Small Cap Fund - Direct Plan - Growth,31.638,14-09-2015
SBI Small Cap Fund - Direct Plan - Growth,31.3747,11-09-2015
SBI Small Cap Fund - Direct Plan - Growth,31.2459,10-09-2015
SBI Small Cap Fund - Direct Plan - Growth,31.1685,09-09-2015
SBI Small Cap Fund - Direct Plan - Growth,30.8088,08-09-2015
SBI Small Cap Fund - Direct Plan - Growth,30.8824,07-09-2015
SBI Small Cap Fund - Direct Plan - Growth,31.2791,04-09-2015
SBI Small Cap Fund - Direct Plan - Growth,31.5572,03-09-2015
SBI Small Cap Fund - Direct Plan - Growth,31.3571,02-09-2015
SBI Small Cap Fund - Direct Plan - Growth,31.4028,01-09-2015
SBI Small Cap Fund - Direct Plan - Growth,31.9757,31-08-2015
SBI Small Cap Fund - Direct Plan - Growth,32.0768,28-08-2015
SBI Small Cap Fund - Direct Plan - Growth,32.1993,27-08-2015
SBI Small Cap Fund - Direct Plan - Growth,31.2456,26-08-2015
SBI Small Cap Fund - Direct Plan - Growth,31.1813,25-08-2015
SBI Small Cap Fund - Direct Plan - Growth,31.2426,24-08-2015
SBI Small Cap Fund - Direct Plan - Growth,33.1377,21-08-2015
SBI Small Cap Fund - Direct Plan - Growth,33.2221,20-08-2015
SBI Small Cap Fund - Direct Plan - Growth,33.8543,19-08-2015
SBI Small Cap Fund - Direct Plan - Growth,33.6383,18-08-2015
SBI Small Cap Fund - Direct Plan - Growth,33.3263,17-08-2015
SBI Small Cap Fund - Direct Plan - Growth,33.1547,14-08-2015
SBI Small Cap Fund - Direct Plan - Growth,32.6931,13-08-2015
SBI Small Cap Fund - Direct Plan - Growth,32.7984,12-08-2015
SBI Small Cap Fund - Direct Plan - Growth,33.3291,11-08-2015
SBI Small Cap Fund - Direct Plan - Growth,33.7575,10-08-2015
SBI Small Cap Fund - Direct Plan - Growth,33.7308,07-08-2015
SBI Small Cap Fund - Direct Plan - Growth,33.7245,06-08-2015
SBI Small Cap Fund - Direct Plan - Growth,34.118,05-08-2015
SBI Small Cap Fund - Direct Plan - Growth,34.1317,04-08-2015
SBI Small Cap Fund - Direct Plan - Growth,33.884,03-08-2015
SBI Small Cap Fund - Direct Plan - Growth,33.6861,31-07-2015
SBI Small Cap Fund - Direct Plan - Growth,33.2022,30-07-2015
SBI Small Cap Fund - Direct Plan - Growth,33.1365,29-07-2015
SBI Small Cap Fund - Direct Plan - Growth,33.0327,28-07-2015
SBI Small Cap Fund - Direct Plan - Growth,33.1625,27-07-2015
SBI Small Cap Fund - Direct Plan - Growth,33.1976,24-07-2015
SBI Small Cap Fund - Direct Plan - Growth,33.5174,23-07-2015
SBI Small Cap Fund - Direct Plan - Growth,33.1968,22-07-2015
SBI Small Cap Fund - Direct Plan - Growth,33.0264,21-07-2015
SBI Small Cap Fund - Direct Plan - Growth,33.5203,20-07-2015
SBI Small Cap Fund - Direct Plan - Growth,33.3724,17-07-2015
SBI Small Cap Fund - Direct Plan - Growth,33.357,16-07-2015
SBI Small Cap Fund - Direct Plan - Growth,33.0081,15-07-2015
SBI Small Cap Fund - Direct Plan - Growth,32.7785,14-07-2015
SBI Small Cap Fund - Direct Plan - Growth,32.901,13-07-2015
SBI Small Cap Fund - Direct Plan - Growth,32.8467,10-07-2015
SBI Small Cap Fund - Direct Plan - Growth,32.7345,09-07-2015
SBI Small Cap Fund - Direct Plan - Growth,32.7031,08-07-2015
SBI Small Cap Fund - Direct Plan - Growth,32.8775,07-07-2015
SBI Small Cap Fund - Direct Plan - Growth,32.4565,06-07-2015
SBI Small Cap Fund - Direct Plan - Growth,31.7734,03-07-2015
SBI Small Cap Fund - Direct Plan - Growth,31.5581,02-07-2015
SBI Small Cap Fund - Direct Plan - Growth,31.4503,01-07-2015
SBI Small Cap Fund - Direct Plan - Growth,31.1456,30-06-2015
SBI Small Cap Fund - Direct Plan - Growth,30.6479,29-06-2015
SBI Small Cap Fund - Direct Plan - Growth,31.0294,26-06-2015
SBI Small Cap Fund - Direct Plan - Growth,31.0607,25-06-2015
SBI Small Cap Fund - Direct Plan - Growth,30.9998,24-06-2015
SBI Small Cap Fund - Direct Plan - Growth,30.8937,23-06-2015
SBI Small Cap Fund - Direct Plan - Growth,30.7491,22-06-2015
SBI Small Cap Fund - Direct Plan - Growth,30.5701,19-06-2015
SBI Small Cap Fund - Direct Plan - Growth,30.4689,18-06-2015
SBI Small Cap Fund - Direct Plan - Growth,30.0202,17-06-2015
SBI Small Cap Fund - Direct Plan - Growth,29.497,16-06-2015
SBI Small Cap Fund - Direct Plan - Growth,29.5041,15-06-2015
SBI Small Cap Fund - Direct Plan - Growth,29.2746,12-06-2015
SBI Small Cap Fund - Direct Plan - Growth,29.1922,11-06-2015
SBI Small Cap Fund - Direct Plan - Growth,29.6228,10-06-2015
SBI Small Cap Fund - Direct Plan - Growth,29.2003,09-06-2015
SBI Small Cap Fund - Direct Plan - Growth,29.3979,08-06-2015
SBI Small Cap Fund - Direct Plan - Growth,29.7033,05-06-2015
SBI Small Cap Fund - Direct Plan - Growth,29.4409,04-06-2015
SBI Small Cap Fund - Direct Plan - Growth,29.5373,03-06-2015
SBI Small Cap Fund - Direct Plan - Growth,29.8851,02-06-2015
SBI Small Cap Fund - Direct Plan - Growth,30.3029,01-06-2015
SBI Small Cap Fund - Direct Plan - Growth,30.5261,29-05-2015
SBI Small Cap Fund - Direct Plan - Growth,30.3566,28-05-2015
SBI Small Cap Fund - Direct Plan - Growth,30.3406,27-05-2015
SBI Small Cap Fund - Direct Plan - Growth,30.5493,26-05-2015
SBI Small Cap Fund - Direct Plan - Growth,30.681,25-05-2015
SBI Small Cap Fund - Direct Plan - Growth,30.8954,22-05-2015
SBI Small Cap Fund - Direct Plan - Growth,30.8716,21-05-2015
SBI Small Cap Fund - Direct Plan - Growth,30.9295,20-05-2015
SBI Small Cap Fund - Direct Plan - Growth,31.0088,19-05-2015
SBI Small Cap Fund - Direct Plan - Growth,31.1586,18-05-2015
SBI Small Cap Fund - Direct Plan - Growth,31.0965,15-05-2015
SBI Small Cap Fund - Direct Plan - Growth,30.5463,14-05-2015
SBI Small Cap Fund - Direct Plan - Growth,30.4511,13-05-2015
SBI Small Cap Fund - Direct Plan - Growth,30.1822,12-05-2015
SBI Small Cap Fund - Direct Plan - Growth,30.6452,11-05-2015
SBI Small Cap Fund - Direct Plan - Growth,29.884,08-05-2015
SBI Small Cap Fund - Direct Plan - Growth,29.4468,07-05-2015
SBI Small Cap Fund - Direct Plan - Growth,30.0312,06-05-2015
SBI Small Cap Fund - Direct Plan - Growth,30.6932,05-05-2015
SBI Small Cap Fund - Direct Plan - Growth,30.6068,04-05-2015
SBI Small Cap Fund - Direct Plan - Growth,30.1525,30-04-2015
SBI Small Cap Fund - Direct Plan - Growth,30.1521,29-04-2015
SBI Small Cap Fund - Direct Plan - Growth,29.7529,28-04-2015
SBI Small Cap Fund - Direct Plan - Growth,29.674,27-04-2015
SBI Small Cap Fund - Direct Plan - Growth,30.2416,24-04-2015
SBI Small Cap Fund - Direct Plan - Growth,30.9662,23-04-2015
SBI Small Cap Fund - Direct Plan - Growth,31.0468,22-04-2015
SBI Small Cap Fund - Direct Plan - Growth,31.0267,21-04-2015
SBI Small Cap Fund - Direct Plan - Growth,31.0796,20-04-2015
SBI Small Cap Fund - Direct Plan - Growth,31.798,17-04-2015
SBI Small Cap Fund - Direct Plan - Growth,31.9168,16-04-2015
SBI Small Cap Fund - Direct Plan - Growth,31.8726,15-04-2015
SBI Small Cap Fund - Direct Plan - Growth,31.7364,13-04-2015
SBI Small Cap Fund - Direct Plan - Growth,31.3292,10-04-2015
SBI Small Cap Fund - Direct Plan - Growth,31.2433,09-04-2015
SBI Small Cap Fund - Direct Plan - Growth,30.8106,08-04-2015
SBI Small Cap Fund - Direct Plan - Growth,30.2953,07-04-2015
SBI Small Cap Fund - Direct Plan - Growth,30.1584,06-04-2015
SBI Small Cap Fund - Direct Plan - Growth,29.7949,01-04-2015
SBI Small Cap Fund - Direct Plan - Growth,29.3347,31-03-2015
SBI Small Cap Fund - Direct Plan - Growth,29.2627,30-03-2015
SBI Small Cap Fund - Direct Plan - Growth,28.5473,27-03-2015
SBI Small Cap Fund - Direct Plan - Growth,28.4267,26-03-2015
SBI Small Cap Fund - Direct Plan - Growth,28.8366,25-03-2015
SBI Small Cap Fund - Direct Plan - Growth,28.8295,24-03-2015
SBI Small Cap Fund - Direct Plan - Growth,28.911,23-03-2015
SBI Small Cap Fund - Direct Plan - Growth,29.392,20-03-2015
SBI Small Cap Fund - Direct Plan - Growth,29.8192,19-03-2015
SBI Small Cap Fund - Direct Plan - Growth,30.0143,18-03-2015
SBI Small Cap Fund - Direct Plan - Growth,30.0579,17-03-2015
SBI Small Cap Fund - Direct Plan - Growth,30.179,16-03-2015
SBI Small Cap Fund - Direct Plan - Growth,30.2599,13-03-2015
SBI Small Cap Fund - Direct Plan - Growth,30.686,12-03-2015
SBI Small Cap Fund - Direct Plan - Growth,30.4375,11-03-2015
SBI Small Cap Fund - Direct Plan - Growth,30.3725,10-03-2015
SBI Small Cap Fund - Direct Plan - Growth,30.4317,09-03-2015
SBI Small Cap Fund - Direct Plan - Growth,30.6428,05-03-2015
SBI Small Cap Fund - Direct Plan - Growth,30.6349,04-03-2015
SBI Small Cap Fund - Direct Plan - Growth,30.8045,03-03-2015
SBI Small Cap Fund - Direct Plan - Growth,30.5216,02-03-2015
SBI Small Cap Fund - Direct Plan - Growth,30.2262,27-02-2015
SBI Small Cap Fund - Direct Plan - Growth,29.9507,26-02-2015
SBI Small Cap Fund - Direct Plan - Growth,30.1089,25-02-2015
SBI Small Cap Fund - Direct Plan - Growth,30.2175,24-02-2015
SBI Small Cap Fund - Direct Plan - Growth,30.3222,23-02-2015
SBI Small Cap Fund - Direct Plan - Growth,30.6869,20-02-2015
SBI Small Cap Fund - Direct Plan - Growth,30.6178,19-02-2015
SBI Small Cap Fund - Direct Plan - Growth,30.6868,18-02-2015
SBI Small Cap Fund - Direct Plan - Growth,30.5344,16-02-2015
SBI Small Cap Fund - Direct Plan - Growth,30.2844,13-02-2015
SBI Small Cap Fund - Direct Plan - Growth,30.2611,12-02-2015
SBI Small Cap Fund - Direct Plan - Growth,29.9083,11-02-2015
SBI Small Cap Fund - Direct Plan - Growth,29.5782,10-02-2015
SBI Small Cap Fund - Direct Plan - Growth,29.397,09-02-2015
SBI Small Cap Fund - Direct Plan - Growth,29.7377,06-02-2015
SBI Small Cap Fund - Direct Plan - Growth,30.2614,05-02-2015
SBI Small Cap Fund - Direct Plan - Growth,30.6731,04-02-2015
SBI Small Cap Fund - Direct Plan - Growth,30.7745,03-02-2015
SBI Small Cap Fund - Direct Plan - Growth,30.6145,02-02-2015
SBI Small Cap Fund - Direct Plan - Growth,30.5936,30-01-2015
SBI Small Cap Fund - Direct Plan - Growth,30.7497,29-01-2015
SBI Small Cap Fund - Direct Plan - Growth,30.7898,28-01-2015
SBI Small Cap Fund - Direct Plan - Growth,30.5724,27-01-2015
SBI Small Cap Fund - Direct Plan - Growth,30.4927,23-01-2015
SBI Small Cap Fund - Direct Plan - Growth,30.7123,22-01-2015
SBI Small Cap Fund - Direct Plan - Growth,30.714,21-01-2015
SBI Small Cap Fund - Direct Plan - Growth,30.8184,20-01-2015
SBI Small Cap Fund - Direct Plan - Growth,30.5172,19-01-2015
SBI Small Cap Fund - Direct Plan - Growth,29.7293,16-01-2015
SBI Small Cap Fund - Direct Plan - Growth,29.6991,15-01-2015
SBI Small Cap Fund - Direct Plan - Growth,29.5028,14-01-2015
SBI Small Cap Fund - Direct Plan - Growth,29.4388,13-01-2015
SBI Small Cap Fund - Direct Plan - Growth,29.4713,12-01-2015
SBI Small Cap Fund - Direct Plan - Growth,29.2834,09-01-2015
SBI Small Cap Fund - Direct Plan - Growth,29.2325,08-01-2015
SBI Small Cap Fund - Direct Plan - Growth,28.7345,07-01-2015
SBI Small Cap Fund - Direct Plan - Growth,28.566,06-01-2015
SBI Small Cap Fund - Direct Plan - Growth,29.3031,05-01-2015
SBI Small Cap Fund - Direct Plan - Growth,29.4253,02-01-2015
SBI Small Cap Fund - Direct Plan - Growth,29.3671,01-01-2015
SBI Small Cap Fund - Direct Plan - Growth,29.2084,31-12-2014
SBI Small Cap Fund - Direct Plan - Growth,28.5876,30-12-2014
SBI Small Cap Fund - Direct Plan - Growth,28.1163,29-12-2014
SBI Small Cap Fund - Direct Plan - Growth,27.5386,26-12-2014
SBI Small Cap Fund - Direct Plan - Growth,27.4695,24-12-2014
SBI Small Cap Fund - Direct Plan - Growth,27.4262,23-12-2014
SBI Small Cap Fund - Direct Plan - Growth,27.439,22-12-2014
SBI Small Cap Fund - Direct Plan - Growth,27.1556,19-12-2014
SBI Small Cap Fund - Direct Plan - Growth,27.0853,18-12-2014
SBI Small Cap Fund - Direct Plan - Growth,26.2936,17-12-2014
SBI Small Cap Fund - Direct Plan - Growth,26.791,16-12-2014
SBI Small Cap Fund - Direct Plan - Growth,27.3527,15-12-2014
SBI Small Cap Fund - Direct Plan - Growth,27.4434,12-12-2014
SBI Small Cap Fund - Direct Plan - Growth,27.739,11-12-2014
SBI Small Cap Fund - Direct Plan - Growth,27.2901,10-12-2014
SBI Small Cap Fund - Direct Plan - Growth,27.0266,09-12-2014
SBI Small Cap Fund - Direct Plan - Growth,27.5153,08-12-2014
SBI Small Cap Fund - Direct Plan - Growth,27.3359,05-12-2014
SBI Small Cap Fund - Direct Plan - Growth,27.342,04-12-2014
SBI Small Cap Fund - Direct Plan - Growth,27.0697,03-12-2014
SBI Small Cap Fund - Direct Plan - Growth,26.5928,02-12-2014
SBI Small Cap Fund - Direct Plan - Growth,26.2093,01-12-2014
SBI Small Cap Fund - Direct Plan - Growth,26.2402,28-11-2014
SBI Small Cap Fund - Direct Plan - Growth,26.0216,27-11-2014
SBI Small Cap Fund - Direct Plan - Growth,25.6618,26-11-2014
SBI Small Cap Fund - Direct Plan - Growth,25.3911,25-11-2014
SBI Small Cap Fund - Direct Plan - Growth,25.896,24-11-2014
SBI Small Cap Fund - Direct Plan - Growth,25.9891,21-11-2014
SBI Small Cap Fund - Direct Plan - Growth,25.8923,20-11-2014
SBI Small Cap Fund - Direct Plan - Growth,26.0641,19-11-2014
SBI Small Cap Fund - Direct Plan - Growth,26.0028,18-11-2014
SBI Small Cap Fund - Direct Plan - Growth,25.74,17-11-2014
SBI Small Cap Fund - Direct Plan - Growth,25.4694,14-11-2014
SBI Small Cap Fund - Direct Plan - Growth,25.3732,13-11-2014
SBI Small Cap Fund - Direct Plan - Growth,25.2255,12-11-2014
SBI Small Cap Fund - Direct Plan - Growth,24.92,11-11-2014
SBI Small Cap Fund - Direct Plan - Growth,24.7095,10-11-2014
SBI Small Cap Fund - Direct Plan - Growth,24.567,07-11-2014
SBI Small Cap Fund - Direct Plan - Growth,24.6593,05-11-2014
SBI Small Cap Fund - Direct Plan - Growth,24.5647,03-11-2014
SBI Small Cap Fund - Direct Plan - Growth,24.3031,31-10-2014
SBI Small Cap Fund - Direct Plan - Growth,24.2267,30-10-2014
SBI Small Cap Fund - Direct Plan - Growth,24.2092,29-10-2014
SBI Small Cap Fund - Direct Plan - Growth,24.0775,28-10-2014
SBI Small Cap Fund - Direct Plan - Growth,23.9115,27-10-2014
SBI Small Cap Fund - Direct Plan - Growth,23.8185,22-10-2014
SBI Small Cap Fund - Direct Plan - Growth,23.54,21-10-2014
SBI Small Cap Fund - Direct Plan - Growth,23.3913,20-10-2014
SBI Small Cap Fund - Direct Plan - Growth,23.3519,17-10-2014
SBI Small Cap Fund - Direct Plan - Growth,23.2763,16-10-2014
SBI Small Cap Fund - Direct Plan - Growth,23.7147,14-10-2014
SBI Small Cap Fund - Direct Plan - Growth,23.8232,13-10-2014
SBI Small Cap Fund - Direct Plan - Growth,23.7407,10-10-2014
SBI Small Cap Fund - Direct Plan - Growth,24.0814,09-10-2014
SBI Small Cap Fund - Direct Plan - Growth,24.0609,08-10-2014
SBI Small Cap Fund - Direct Plan - Growth,23.9234,07-10-2014
SBI Small Cap Fund - Direct Plan - Growth,24.1597,01-10-2014
SBI Small Cap Fund - Direct Plan - Growth,24.2982,30-09-2014
SBI Small Cap Fund - Direct Plan - Growth,23.9932,29-09-2014
SBI Small Cap Fund - Direct Plan - Growth,23.6912,26-09-2014
SBI Small Cap Fund - Direct Plan - Growth,23.6113,25-09-2014
SBI Small Cap Fund - Direct Plan - Growth,24.1531,24-09-2014
SBI Small Cap Fund - Direct Plan - Growth,24.5235,23-09-2014
SBI Small Cap Fund - Direct Plan - Growth,24.9688,22-09-2014
SBI Small Cap Fund - Direct Plan - Growth,24.6537,19-09-2014
SBI Small Cap Fund - Direct Plan - Growth,24.5974,18-09-2014
SBI Small Cap Fund - Direct Plan - Growth,24.2051,17-09-2014
SBI Small Cap Fund - Direct Plan - Growth,24.0716,16-09-2014
SBI Small Cap Fund - Direct Plan - Growth,24.7489,15-09-2014
SBI Small Cap Fund - Direct Plan - Growth,24.6248,12-09-2014
SBI Small Cap Fund - Direct Plan - Growth,24.41,11-09-2014
SBI Small Cap Fund - Direct Plan - Growth,23.8862,10-09-2014
SBI Small Cap Fund - Direct Plan - Growth,23.6853,09-09-2014
SBI Small Cap Fund - Direct Plan - Growth,23.31,08-09-2014
SBI Small Cap Fund - Direct Plan - Growth,22.9624,05-09-2014
SBI Small Cap Fund - Direct Plan - Growth,22.8661,04-09-2014
SBI Small Cap Fund - Direct Plan - Growth,22.842,03-09-2014
SBI Small Cap Fund - Direct Plan - Growth,22.6476,02-09-2014
SBI Small Cap Fund - Direct Plan - Growth,22.5292,01-09-2014
SBI Small Cap Fund - Direct Plan - Growth,22.1709,28-08-2014
SBI Small Cap Fund - Direct Plan - Growth,22.0752,27-08-2014
SBI Small Cap Fund - Direct Plan - Growth,21.6681,26-08-2014
SBI Small Cap Fund - Direct Plan - Growth,21.7299,25-08-2014
SBI Small Cap Fund - Direct Plan - Growth,21.898,22-08-2014
SBI Small Cap Fund - Direct Plan - Growth,21.8125,21-08-2014
SBI Small Cap Fund - Direct Plan - Growth,21.5099,20-08-2014
SBI Small Cap Fund - Direct Plan - Growth,21.1964,19-08-2014
SBI Small Cap Fund - Direct Plan - Growth,20.9437,18-08-2014
SBI Small Cap Fund - Direct Plan - Growth,20.6268,14-08-2014
SBI Small Cap Fund - Direct Plan - Growth,20.4227,13-08-2014
SBI Small Cap Fund - Direct Plan - Growth,20.9523,12-08-2014
SBI Small Cap Fund - Direct Plan - Growth,21.0294,11-08-2014
SBI Small Cap Fund - Direct Plan - Growth,20.9051,08-08-2014
SBI Small Cap Fund - Direct Plan - Growth,21.1366,07-08-2014
SBI Small Cap Fund - Direct Plan - Growth,21.2068,06-08-2014
SBI Small Cap Fund - Direct Plan - Growth,21.1792,05-08-2014
SBI Small Cap Fund - Direct Plan - Growth,21.1423,04-08-2014
SBI Small Cap Fund - Direct Plan - Growth,20.8274,01-08-2014
SBI Small Cap Fund - Direct Plan - Growth,21.0652,31-07-2014
SBI Small Cap Fund - Direct Plan - Growth,21.0491,30-07-2014
SBI Small Cap Fund - Direct Plan - Growth,21.1246,28-07-2014
SBI Small Cap Fund - Direct Plan - Growth,21.1489,25-07-2014
SBI Small Cap Fund - Direct Plan - Growth,21.3216,24-07-2014
SBI Small Cap Fund - Direct Plan - Growth,21.24,23-07-2014
SBI Small Cap Fund - Direct Plan - Growth,21.363,22-07-2014
SBI Small Cap Fund - Direct Plan - Growth,21.28,21-07-2014
SBI Small Cap Fund - Direct Plan - Growth,20.8316,18-07-2014
SBI Small Cap Fund - Direct Plan - Growth,20.8995,17-07-2014
SBI Small Cap Fund - Direct Plan - Growth,20.4248,16-07-2014
SBI Small Cap Fund - Direct Plan - Growth,19.9854,15-07-2014
SBI Small Cap Fund - Direct Plan - Growth,19.7798,14-07-2014
SBI Small Cap Fund - Direct Plan - Growth,19.8392,11-07-2014
SBI Small Cap Fund - Direct Plan - Growth,20.1881,10-07-2014
SBI Small Cap Fund - Direct Plan - Growth,20.1567,09-07-2014
SBI Small Cap Fund - Direct Plan - Growth,20.4515,08-07-2014
SBI Small Cap Fund - Direct Plan - Growth,20.9874,07-07-2014
SBI Small Cap Fund - Direct Plan - Growth,20.7887,04-07-2014
SBI Small Cap Fund - Direct Plan - Growth,20.539,03-07-2014
SBI Small Cap Fund - Direct Plan - Growth,20.3994,02-07-2014
SBI Small Cap Fund - Direct Plan - Growth,20.2237,01-07-2014
SBI Small Cap Fund - Direct Plan - Growth,20.0705,30-06-2014
SBI Small Cap Fund - Direct Plan - Growth,19.669,27-06-2014
SBI Small Cap Fund - Direct Plan - Growth,19.5189,26-06-2014
SBI Small Cap Fund - Direct Plan - Growth,19.3056,25-06-2014
SBI Small Cap Fund - Direct Plan - Growth,19.1991,24-06-2014
SBI Small Cap Fund - Direct Plan - Growth,19.1147,23-06-2014
SBI Small Cap Fund - Direct Plan - Growth,19.1702,20-06-2014
SBI Small Cap Fund - Direct Plan - Growth,19.1541,19-06-2014
SBI Small Cap Fund - Direct Plan - Growth,19.2167,18-06-2014
SBI Small Cap Fund - Direct Plan - Growth,19.0015,17-06-2014
SBI Small Cap Fund - Direct Plan - Growth,18.7174,16-06-2014
SBI Small Cap Fund - Direct Plan - Growth,18.7545,13-06-2014
SBI Small Cap Fund - Direct Plan - Growth,18.9265,12-06-2014
SBI Small Cap Fund - Direct Plan - Growth,18.7536,11-06-2014
SBI Small Cap Fund - Direct Plan - Growth,18.9611,10-06-2014
SBI Small Cap Fund - Direct Plan - Growth,18.8095,09-06-2014
SBI Small Cap Fund - Direct Plan - Growth,18.5395,06-06-2014
SBI Small Cap Fund - Direct Plan - Growth,18.2638,05-06-2014
SBI Small Cap Fund - Direct Plan - Growth,18.0406,04-06-2014
SBI Small Cap Fund - Direct Plan - Growth,17.7281,03-06-2014
SBI Small Cap Fund - Direct Plan - Growth,17.7284,02-06-2014
SBI Small Cap Fund - Direct Plan - Growth,17.5999,30-05-2014
SBI Small Cap Fund - Direct Plan - Growth,17.6411,29-05-2014
SBI Small Cap Fund - Direct Plan - Growth,17.7014,28-05-2014
SBI Small Cap Fund - Direct Plan - Growth,17.4244,27-05-2014
SBI Small Cap Fund - Direct Plan - Growth,17.2722,26-05-2014
SBI Small Cap Fund - Direct Plan - Growth,17.5799,23-05-2014
SBI Small Cap Fund - Direct Plan - Growth,17.6336,22-05-2014
SBI Small Cap Fund - Direct Plan - Growth,17.3618,21-05-2014
SBI Small Cap Fund - Direct Plan - Growth,17.0756,20-05-2014
SBI Small Cap Fund - Direct Plan - Growth,16.6375,19-05-2014
SBI Small Cap Fund - Direct Plan - Growth,16.3354,16-05-2014
SBI Small Cap Fund - Direct Plan - Growth,16.2742,15-05-2014
SBI Small Cap Fund - Direct Plan - Growth,16.3868,14-05-2014
SBI Small Cap Fund - Direct Plan - Growth,16.318,13-05-2014
SBI Small Cap Fund - Direct Plan - Growth,16.236,12-05-2014
SBI Small Cap Fund - Direct Plan - Growth,16.2665,09-05-2014
SBI Small Cap Fund - Direct Plan - Growth,16.2601,08-05-2014
SBI Small Cap Fund - Direct Plan - Growth,16.2031,07-05-2014
SBI Small Cap Fund - Direct Plan - Growth,16.2026,06-05-2014
SBI Small Cap Fund - Direct Plan - Growth,16.1466,05-05-2014
SBI Small Cap Fund - Direct Plan - Growth,16.1784,02-05-2014
SBI Small Cap Fund - Direct Plan - Growth,16.194,30-04-2014
SBI Small Cap Fund - Direct Plan - Growth,16.4239,29-04-2014
SBI Small Cap Fund - Direct Plan - Growth,16.3857,28-04-2014
SBI Small Cap Fund - Direct Plan - Growth,16.2714,25-04-2014
SBI Small Cap Fund - Direct Plan - Growth,16.2362,23-04-2014
SBI Small Cap Fund - Direct Plan - Growth,16.1917,22-04-2014
SBI Small Cap Fund - Direct Plan - Growth,16.061,21-04-2014
SBI Small Cap Fund - Direct Plan - Growth,15.9681,17-04-2014
SBI Small Cap Fund - Direct Plan - Growth,15.8341,16-04-2014
SBI Small Cap Fund - Direct Plan - Growth,15.959,15-04-2014
SBI Small Cap Fund - Direct Plan - Growth,15.8805,11-04-2014
SBI Small Cap Fund - Direct Plan - Growth,15.7832,10-04-2014
SBI Small Cap Fund - Direct Plan - Growth,15.7721,09-04-2014
SBI Small Cap Fund - Direct Plan - Growth,15.7238,07-04-2014
SBI Small Cap Fund - Direct Plan - Growth,15.6554,04-04-2014
SBI Small Cap Fund - Direct Plan - Growth,15.5016,03-04-2014
SBI Small Cap Fund - Direct Plan - Growth,15.5261,02-04-2014
SBI Small Cap Fund - Direct Plan - Growth,15.3236,01-04-2014
SBI Small Cap Fund - Direct Plan - Growth,15.2761,31-03-2014
SBI Small Cap Fund - Direct Plan - Growth,15.1698,28-03-2014
SBI Small Cap Fund - Direct Plan - Growth,15.016,27-03-2014
SBI Small Cap Fund - Direct Plan - Growth,15.0172,26-03-2014
SBI Small Cap Fund - Direct Plan - Growth,15.017,25-03-2014
SBI Small Cap Fund - Direct Plan - Growth,14.9833,24-03-2014
SBI Small Cap Fund - Direct Plan - Growth,14.9389,21-03-2014
SBI Small Cap Fund - Direct Plan - Growth,14.8045,20-03-2014
SBI Small Cap Fund - Direct Plan - Growth,14.7118,19-03-2014
SBI Small Cap Fund - Direct Plan - Growth,14.7961,18-03-2014
SBI Small Cap Fund - Direct Plan - Growth,14.6527,14-03-2014
SBI Small Cap Fund - Direct Plan - Growth,14.7121,13-03-2014
SBI Small Cap Fund - Direct Plan - Growth,14.7175,12-03-2014
SBI Small Cap Fund - Direct Plan - Growth,14.6449,11-03-2014
SBI Small Cap Fund - Direct Plan - Growth,14.5576,10-03-2014
SBI Small Cap Fund - Direct Plan - Growth,14.5275,07-03-2014
SBI Small Cap Fund - Direct Plan - Growth,14.6678,06-03-2014
SBI Small Cap Fund - Direct Plan - Growth,14.5448,05-03-2014
SBI Small Cap Fund - Direct Plan - Growth,14.4166,04-03-2014
SBI Small Cap Fund - Direct Plan - Growth,14.2753,03-03-2014
SBI Small Cap Fund - Direct Plan - Growth,14.2102,28-02-2014
SBI Small Cap Fund - Direct Plan - Growth,14.1733,26-02-2014
SBI Small Cap Fund - Direct Plan - Growth,14.2704,25-02-2014
SBI Small Cap Fund - Direct Plan - Growth,14.1905,24-02-2014
SBI Small Cap Fund - Direct Plan - Growth,14.037,21-02-2014
SBI Small Cap Fund - Direct Plan - Growth,13.8913,20-02-2014
SBI Small Cap Fund - Direct Plan - Growth,13.801,19-02-2014
SBI Small Cap Fund - Direct Plan - Growth,13.6801,18-02-2014
SBI Small Cap Fund - Direct Plan - Growth,13.6423,17-02-2014
SBI Small Cap Fund - Direct Plan - Growth,13.5948,14-02-2014
SBI Small Cap Fund - Direct Plan - Growth,13.678,13-02-2014
SBI Small Cap Fund - Direct Plan - Growth,13.6874,12-02-2014
SBI Small Cap Fund - Direct Plan - Growth,13.6983,11-02-2014
SBI Small Cap Fund - Direct Plan - Growth,13.7402,10-02-2014
SBI Small Cap Fund - Direct Plan - Growth,13.5552,07-02-2014
SBI Small Cap Fund - Direct Plan - Growth,13.5883,06-02-2014
SBI Small Cap Fund - Direct Plan - Growth,13.5431,05-02-2014
SBI Small Cap Fund - Direct Plan - Growth,13.4717,04-02-2014
SBI Small Cap Fund - Direct Plan - Growth,13.4995,03-02-2014
SBI Small Cap Fund - Direct Plan - Growth,13.6059,31-01-2014
SBI Small Cap Fund - Direct Plan - Growth,13.4661,30-01-2014
SBI Small Cap Fund - Direct Plan - Growth,13.4977,29-01-2014
SBI Small Cap Fund - Direct Plan - Growth,13.5678,28-01-2014
SBI Small Cap Fund - Direct Plan - Growth,13.6829,27-01-2014
SBI Small Cap Fund - Direct Plan - Growth,13.8688,24-01-2014
SBI Small Cap Fund - Direct Plan - Growth,13.9537,23-01-2014
SBI Small Cap Fund - Direct Plan - Growth,13.9302,22-01-2014
SBI Small Cap Fund - Direct Plan - Growth,13.8659,21-01-2014
SBI Small Cap Fund - Direct Plan - Growth,13.8144,20-01-2014
SBI Small Cap Fund - Direct Plan - Growth,13.7841,17-01-2014
SBI Small Cap Fund - Direct Plan - Growth,14.0042,16-01-2014
SBI Small Cap Fund - Direct Plan - Growth,14.0209,15-01-2014
SBI Small Cap Fund - Direct Plan - Growth,13.8249,14-01-2014
SBI Small Cap Fund - Direct Plan - Growth,13.7909,13-01-2014
SBI Small Cap Fund - Direct Plan - Growth,13.8143,10-01-2014
SBI Small Cap Fund - Direct Plan - Growth,13.8644,09-01-2014
SBI Small Cap Fund - Direct Plan - Growth,14.0081,08-01-2014
SBI Small Cap Fund - Direct Plan - Growth,13.9214,07-01-2014
SBI Small Cap Fund - Direct Plan - Growth,13.8568,06-01-2014
SBI Small Cap Fund - Direct Plan - Growth,13.8494,03-01-2014
SBI Small Cap Fund - Direct Plan - Growth,13.7553,02-01-2014
SBI Small Cap Fund - Direct Plan - Growth,13.7418,01-01-2014
SBI Small Cap Fund - Direct Plan - Growth,13.7277,31-12-2013
SBI Small Cap Fund - Direct Plan - Growth,13.5862,30-12-2013
SBI Small Cap Fund - Direct Plan - Growth,13.5024,27-12-2013
SBI Small Cap Fund - Direct Plan - Growth,13.4811,26-12-2013
SBI Small Cap Fund - Direct Plan - Growth,13.2683,24-12-2013
SBI Small Cap Fund - Direct Plan - Growth,13.1886,23-12-2013
SBI Small Cap Fund - Direct Plan - Growth,13.1776,20-12-2013
SBI Small Cap Fund - Direct Plan - Growth,13.1392,19-12-2013
SBI Small Cap Fund - Direct Plan - Growth,13.0672,18-12-2013
SBI Small Cap Fund - Direct Plan - Growth,12.9569,17-12-2013
SBI Small Cap Fund - Direct Plan - Growth,13.0345,16-12-2013
SBI Small Cap Fund - Direct Plan - Growth,12.9891,13-12-2013
SBI Small Cap Fund - Direct Plan - Growth,13.0021,12-12-2013
SBI Small Cap Fund - Direct Plan - Growth,13.0129,11-12-2013
SBI Small Cap Fund - Direct Plan - Growth,13.0325,10-12-2013
SBI Small Cap Fund - Direct Plan - Growth,13.0282,09-12-2013
SBI Small Cap Fund - Direct Plan - Growth,13.0439,06-12-2013
SBI Small Cap Fund - Direct Plan - Growth,13.0319,05-12-2013
SBI Small Cap Fund - Direct Plan - Growth,12.9799,04-12-2013
SBI Small Cap Fund - Direct Plan - Growth,13.0048,03-12-2013
SBI Small Cap Fund - Direct Plan - Growth,13.0012,02-12-2013
SBI Small Cap Fund - Direct Plan - Growth,12.9509,29-11-2013
SBI Small Cap Fund - Direct Plan - Growth,12.8773,28-11-2013
SBI Small Cap Fund - Direct Plan - Growth,12.8389,27-11-2013
SBI Small Cap Fund - Direct Plan - Growth,12.8591,26-11-2013
SBI Small Cap Fund - Direct Plan - Growth,12.8548,25-11-2013
SBI Small Cap Fund - Direct Plan - Growth,12.7775,22-11-2013
SBI Small Cap Fund - Direct Plan - Growth,12.7957,21-11-2013
SBI Small Cap Fund - Direct Plan - Growth,12.9549,20-11-2013
SBI Small Cap Fund - Direct Plan - Growth,13.1068,19-11-2013
SBI Small Cap Fund - Direct Plan - Growth,13.0894,18-11-2013
